-- MySQL dump 10.13  Distrib 8.0.40, for Linux (x86_64)
--
-- Host: 127.0.0.1    Database: ghost
-- ------------------------------------------------------
-- Server version	8.0.40

/*!40101 SET @OLD_CHARACTER_SET_CLIENT=@@CHARACTER_SET_CLIENT */;
/*!40101 SET @OLD_CHARACTER_SET_RESULTS=@@CHARACTER_SET_RESULTS */;
/*!40101 SET @OLD_COLLATION_CONNECTION=@@COLLATION_CONNECTION */;
/*!50503 SET NAMES utf8mb4 */;
/*!40103 SET @OLD_TIME_ZONE=@@TIME_ZONE */;
/*!40103 SET TIME_ZONE='+00:00' */;
/*!40014 SET @OLD_UNIQUE_CHECKS=@@UNIQUE_CHECKS, UNIQUE_CHECKS=0 */;
/*!40014 SET @OLD_FOREIGN_KEY_CHECKS=@@FOREIGN_KEY_CHECKS, FOREIGN_KEY_CHECKS=0 */;
/*!40101 SET @OLD_SQL_MODE=@@SQL_MODE, SQL_MODE='NO_AUTO_VALUE_ON_ZERO' */;
/*!40111 SET @OLD_SQL_NOTES=@@SQL_NOTES, SQL_NOTES=0 */;

--
-- Table structure for table `actions`
--

CREATE DATABASE IF NOT EXISTS ghost;
USE ghost;

DROP TABLE IF EXISTS `actions`;
/*!40101 SET @saved_cs_client     = @@character_set_client */;
/*!50503 SET character_set_client = utf8mb4 */;
CREATE TABLE `actions`
(
    `id`            varchar(24) NOT NULL,
    `resource_id`   varchar(24) DEFAULT NULL,
    `resource_type` varchar(50) NOT NULL,
    `actor_id`      varchar(24) NOT NULL,
    `actor_type`    varchar(50) NOT NULL,
    `event`         varchar(50) NOT NULL,
    `context`       text,
    `created_at`    datetime    NOT NULL,
    PRIMARY KEY (`id`)
) ENGINE=InnoDB DEFAULT CHARSET=utf8mb4 COLLATE=utf8mb4_0900_ai_ci;
/*!40101 SET character_set_client = @saved_cs_client */;

--
-- Dumping data for table `actions`
--

LOCK
TABLES `actions` WRITE;
/*!40000 ALTER TABLE `actions` DISABLE KEYS */;
INSERT INTO `actions` (`id`, `resource_id`, `resource_type`, `actor_id`, `actor_type`, `event`, `context`, `created_at`)
VALUES ('677fded42a03ec000191a2ae', '677fdad52a03ec000191a23e', 'setting', '1', 'user', 'edited',
        '{\"key\":\"title\",\"group\":\"site\"}', '2025-01-09 14:36:04'),
       ('677fded42a03ec000191a2af', '677fdad52a03ec000191a23f', 'setting', '1', 'user', 'edited',
        '{\"key\":\"description\",\"group\":\"site\"}', '2025-01-09 14:36:04');
/*!40000 ALTER TABLE `actions` ENABLE KEYS */;
UNLOCK
TABLES;

--
-- Table structure for table `api_keys`
--

DROP TABLE IF EXISTS `api_keys`;
/*!40101 SET @saved_cs_client     = @@character_set_client */;
/*!50503 SET character_set_client = utf8mb4 */;
CREATE TABLE `api_keys`
(
    `id`                varchar(24)  NOT NULL,
    `type`              varchar(50)  NOT NULL,
    `secret`            varchar(191) NOT NULL,
    `role_id`           varchar(24) DEFAULT NULL,
    `integration_id`    varchar(24) DEFAULT NULL,
    `user_id`           varchar(24) DEFAULT NULL,
    `last_seen_at`      datetime    DEFAULT NULL,
    `last_seen_version` varchar(50) DEFAULT NULL,
    `created_at`        datetime     NOT NULL,
    `created_by`        varchar(24)  NOT NULL,
    `updated_at`        datetime    DEFAULT NULL,
    `updated_by`        varchar(24) DEFAULT NULL,
    PRIMARY KEY (`id`),
    UNIQUE KEY `api_keys_secret_unique` (`secret`)
) ENGINE=InnoDB DEFAULT CHARSET=utf8mb4 COLLATE=utf8mb4_0900_ai_ci;
/*!40101 SET character_set_client = @saved_cs_client */;

--
-- Dumping data for table `api_keys`
--

LOCK
TABLES `api_keys` WRITE;
/*!40000 ALTER TABLE `api_keys` DISABLE KEYS */;
INSERT INTO `api_keys` (`id`, `type`, `secret`, `role_id`, `integration_id`, `user_id`, `last_seen_at`,
                        `last_seen_version`, `created_at`, `created_by`, `updated_at`, `updated_by`)
VALUES ('677fdad32a03ec000191a0d3', 'admin', 'd5d8b6ea23dc0a5c029eae858107058f0e69932c6860acdfa53e205502afaeec',
        '677fdad12a03ec000191a04a', '677fdad32a03ec000191a0d2', NULL, NULL, NULL, '2025-01-09 14:19:00', '1',
        '2025-01-09 14:19:00', '1'),
       ('677fdad32a03ec000191a0d5', 'admin', '33faf1cdab574cfd0dd2fcfc37edac019ab410c3c00165bdc9f5a8add138df48',
        '677fdad12a03ec000191a04b', '677fdad32a03ec000191a0d4', NULL, NULL, NULL, '2025-01-09 14:19:00', '1',
        '2025-01-09 14:19:00', '1'),
       ('677fdad32a03ec000191a0d7', 'admin', '1be90c897584b50bb9dea287edbbd5c2a1f5936174557e06fe8fb443a99e85af',
        '677fdad12a03ec000191a04c', '677fdad32a03ec000191a0d6', NULL, NULL, NULL, '2025-01-09 14:19:00', '1',
        '2025-01-09 14:19:00', '1'),
       ('677fdad32a03ec000191a0d9', 'admin', 'd69eaaddc1f77bb85946a00bb517eb043ebee31a22daaab800e3b4e9312f27fd',
        '677fdad12a03ec000191a04d', '677fdad32a03ec000191a0d8', NULL, NULL, NULL, '2025-01-09 14:19:00', '1',
        '2025-01-09 14:19:00', '1'),
       ('677fdad32a03ec000191a0db', 'admin', 'b0496cff9fb55052b27826677613ad216a7c5321df1c3150ad1fe8500ee64a8c',
        '677fdad12a03ec000191a04e', '677fdad32a03ec000191a0da', NULL, NULL, NULL, '2025-01-09 14:19:00', '1',
        '2025-01-09 14:19:00', '1'),
       ('677fdad32a03ec000191a0dd', 'content', '767e6945859c9966e507807f3f', NULL, '677fdad32a03ec000191a0dc', NULL,
        NULL, NULL, '2025-01-09 14:19:00', '1', '2025-01-09 14:19:00', '1'),
       ('677fdad32a03ec000191a0df', 'content', 'eb50abaa965a076a942e7a46b5', NULL, '677fdad32a03ec000191a0de', NULL,
        NULL, NULL, '2025-01-09 14:19:00', '1', '2025-01-09 14:19:00', '1');
/*!40000 ALTER TABLE `api_keys` ENABLE KEYS */;
UNLOCK
TABLES;

--
-- Table structure for table `benefits`
--

DROP TABLE IF EXISTS `benefits`;
/*!40101 SET @saved_cs_client     = @@character_set_client */;
/*!50503 SET character_set_client = utf8mb4 */;
CREATE TABLE `benefits`
(
    `id`         varchar(24)  NOT NULL,
    `name`       varchar(191) NOT NULL,
    `slug`       varchar(191) NOT NULL,
    `created_at` datetime     NOT NULL,
    `updated_at` datetime DEFAULT NULL,
    PRIMARY KEY (`id`),
    UNIQUE KEY `benefits_slug_unique` (`slug`)
) ENGINE=InnoDB DEFAULT CHARSET=utf8mb4 COLLATE=utf8mb4_0900_ai_ci;
/*!40101 SET character_set_client = @saved_cs_client */;

--
-- Dumping data for table `benefits`
--

LOCK
TABLES `benefits` WRITE;
/*!40000 ALTER TABLE `benefits` DISABLE KEYS */;
/*!40000 ALTER TABLE `benefits` ENABLE KEYS */;
UNLOCK
TABLES;

--
-- Table structure for table `brute`
--

DROP TABLE IF EXISTS `brute`;
/*!40101 SET @saved_cs_client     = @@character_set_client */;
/*!50503 SET character_set_client = utf8mb4 */;
CREATE TABLE `brute`
(
    `key`          varchar(191) NOT NULL,
    `firstRequest` bigint       NOT NULL,
    `lastRequest`  bigint       NOT NULL,
    `lifetime`     bigint       NOT NULL,
    `count`        int          NOT NULL,
    PRIMARY KEY (`key`)
) ENGINE=InnoDB DEFAULT CHARSET=utf8mb4 COLLATE=utf8mb4_0900_ai_ci;
/*!40101 SET character_set_client = @saved_cs_client */;

--
-- Dumping data for table `brute`
--

LOCK
TABLES `brute` WRITE;
/*!40000 ALTER TABLE `brute` DISABLE KEYS */;
INSERT INTO `brute` (`key`, `firstRequest`, `lastRequest`, `lifetime`, `count`)
VALUES ('qDT69qcQ+t1Pl605kqOPw9Spa7KmllAXbfEDlI045B0=', 1736433364368, 1736433496929, 1736437096942, 2);
/*!40000 ALTER TABLE `brute` ENABLE KEYS */;
UNLOCK
TABLES;

--
-- Table structure for table `collections`
--

DROP TABLE IF EXISTS `collections`;
/*!40101 SET @saved_cs_client     = @@character_set_client */;
/*!50503 SET character_set_client = utf8mb4 */;
CREATE TABLE `collections`
(
    `id`            varchar(24)  NOT NULL,
    `title`         varchar(191) NOT NULL,
    `slug`          varchar(191) NOT NULL,
    `description`   varchar(2000) DEFAULT NULL,
    `type`          varchar(50)  NOT NULL,
    `filter`        text,
    `feature_image` varchar(2000) DEFAULT NULL,
    `created_at`    datetime     NOT NULL,
    `updated_at`    datetime      DEFAULT NULL,
    PRIMARY KEY (`id`),
    UNIQUE KEY `collections_slug_unique` (`slug`)
) ENGINE=InnoDB DEFAULT CHARSET=utf8mb4 COLLATE=utf8mb4_0900_ai_ci;
/*!40101 SET character_set_client = @saved_cs_client */;

--
-- Dumping data for table `collections`
--

LOCK
TABLES `collections` WRITE;
/*!40000 ALTER TABLE `collections` DISABLE KEYS */;
INSERT INTO `collections` (`id`, `title`, `slug`, `description`, `type`, `filter`, `feature_image`, `created_at`,
                           `updated_at`)
VALUES ('677fdad22a03ec000191a050', 'Latest', 'latest', 'All posts', 'automatic', NULL, NULL, '2025-01-09 14:18:58',
        '2025-01-09 14:18:58'),
       ('677fdad22a03ec000191a051', 'Featured', 'featured', 'Featured posts', 'automatic', 'featured:true', NULL,
        '2025-01-09 14:18:58', '2025-01-09 14:18:58');
/*!40000 ALTER TABLE `collections` ENABLE KEYS */;
UNLOCK
TABLES;

--
-- Table structure for table `collections_posts`
--

DROP TABLE IF EXISTS `collections_posts`;
/*!40101 SET @saved_cs_client     = @@character_set_client */;
/*!50503 SET character_set_client = utf8mb4 */;
CREATE TABLE `collections_posts`
(
    `id`            varchar(24) NOT NULL,
    `collection_id` varchar(24) NOT NULL,
    `post_id`       varchar(24) NOT NULL,
    `sort_order`    int unsigned NOT NULL DEFAULT '0',
    PRIMARY KEY (`id`),
    KEY             `collections_posts_collection_id_foreign` (`collection_id`),
    KEY             `collections_posts_post_id_foreign` (`post_id`),
    CONSTRAINT `collections_posts_collection_id_foreign` FOREIGN KEY (`collection_id`) REFERENCES `collections` (`id`) ON DELETE CASCADE,
    CONSTRAINT `collections_posts_post_id_foreign` FOREIGN KEY (`post_id`) REFERENCES `posts` (`id`) ON DELETE CASCADE
) ENGINE=InnoDB DEFAULT CHARSET=utf8mb4 COLLATE=utf8mb4_0900_ai_ci;
/*!40101 SET character_set_client = @saved_cs_client */;

--
-- Dumping data for table `collections_posts`
--

LOCK
TABLES `collections_posts` WRITE;
/*!40000 ALTER TABLE `collections_posts` DISABLE KEYS */;
/*!40000 ALTER TABLE `collections_posts` ENABLE KEYS */;
UNLOCK
TABLES;

--
-- Table structure for table `comment_likes`
--

DROP TABLE IF EXISTS `comment_likes`;
/*!40101 SET @saved_cs_client     = @@character_set_client */;
/*!50503 SET character_set_client = utf8mb4 */;
CREATE TABLE `comment_likes`
(
    `id`         varchar(24) NOT NULL,
    `comment_id` varchar(24) NOT NULL,
    `member_id`  varchar(24) NOT NULL,
    `created_at` datetime    NOT NULL,
    `updated_at` datetime    NOT NULL,
    PRIMARY KEY (`id`),
    KEY          `comment_likes_comment_id_foreign` (`comment_id`),
    KEY          `comment_likes_member_id_foreign` (`member_id`),
    CONSTRAINT `comment_likes_comment_id_foreign` FOREIGN KEY (`comment_id`) REFERENCES `comments` (`id`) ON DELETE CASCADE,
    CONSTRAINT `comment_likes_member_id_foreign` FOREIGN KEY (`member_id`) REFERENCES `members` (`id`) ON DELETE CASCADE
) ENGINE=InnoDB DEFAULT CHARSET=utf8mb4 COLLATE=utf8mb4_0900_ai_ci;
/*!40101 SET character_set_client = @saved_cs_client */;

--
-- Dumping data for table `comment_likes`
--

LOCK
TABLES `comment_likes` WRITE;
/*!40000 ALTER TABLE `comment_likes` DISABLE KEYS */;
/*!40000 ALTER TABLE `comment_likes` ENABLE KEYS */;
UNLOCK
TABLES;

--
-- Table structure for table `comment_reports`
--

DROP TABLE IF EXISTS `comment_reports`;
/*!40101 SET @saved_cs_client     = @@character_set_client */;
/*!50503 SET character_set_client = utf8mb4 */;
CREATE TABLE `comment_reports`
(
    `id`         varchar(24) NOT NULL,
    `comment_id` varchar(24) NOT NULL,
    `member_id`  varchar(24) DEFAULT NULL,
    `created_at` datetime    NOT NULL,
    `updated_at` datetime    NOT NULL,
    PRIMARY KEY (`id`),
    KEY          `comment_reports_comment_id_foreign` (`comment_id`),
    KEY          `comment_reports_member_id_foreign` (`member_id`),
    CONSTRAINT `comment_reports_comment_id_foreign` FOREIGN KEY (`comment_id`) REFERENCES `comments` (`id`) ON DELETE CASCADE,
    CONSTRAINT `comment_reports_member_id_foreign` FOREIGN KEY (`member_id`) REFERENCES `members` (`id`) ON DELETE SET NULL
) ENGINE=InnoDB DEFAULT CHARSET=utf8mb4 COLLATE=utf8mb4_0900_ai_ci;
/*!40101 SET character_set_client = @saved_cs_client */;

--
-- Dumping data for table `comment_reports`
--

LOCK
TABLES `comment_reports` WRITE;
/*!40000 ALTER TABLE `comment_reports` DISABLE KEYS */;
/*!40000 ALTER TABLE `comment_reports` ENABLE KEYS */;
UNLOCK
TABLES;

--
-- Table structure for table `comments`
--

DROP TABLE IF EXISTS `comments`;
/*!40101 SET @saved_cs_client     = @@character_set_client */;
/*!50503 SET character_set_client = utf8mb4 */;
CREATE TABLE `comments`
(
    `id`         varchar(24) NOT NULL,
    `post_id`    varchar(24) NOT NULL,
    `member_id`  varchar(24)          DEFAULT NULL,
    `parent_id`  varchar(24)          DEFAULT NULL,
    `status`     varchar(50) NOT NULL DEFAULT 'published',
    `html`       longtext,
    `edited_at`  datetime             DEFAULT NULL,
    `created_at` datetime    NOT NULL,
    `updated_at` datetime    NOT NULL,
    PRIMARY KEY (`id`),
    KEY          `comments_post_id_foreign` (`post_id`),
    KEY          `comments_member_id_foreign` (`member_id`),
    KEY          `comments_parent_id_foreign` (`parent_id`),
    CONSTRAINT `comments_member_id_foreign` FOREIGN KEY (`member_id`) REFERENCES `members` (`id`) ON DELETE SET NULL,
    CONSTRAINT `comments_parent_id_foreign` FOREIGN KEY (`parent_id`) REFERENCES `comments` (`id`) ON DELETE CASCADE,
    CONSTRAINT `comments_post_id_foreign` FOREIGN KEY (`post_id`) REFERENCES `posts` (`id`) ON DELETE CASCADE
) ENGINE=InnoDB DEFAULT CHARSET=utf8mb4 COLLATE=utf8mb4_0900_ai_ci;
/*!40101 SET character_set_client = @saved_cs_client */;

--
-- Dumping data for table `comments`
--

LOCK
TABLES `comments` WRITE;
/*!40000 ALTER TABLE `comments` DISABLE KEYS */;
/*!40000 ALTER TABLE `comments` ENABLE KEYS */;
UNLOCK
TABLES;

--
-- Table structure for table `custom_theme_settings`
--

DROP TABLE IF EXISTS `custom_theme_settings`;
/*!40101 SET @saved_cs_client     = @@character_set_client */;
/*!50503 SET character_set_client = utf8mb4 */;
CREATE TABLE `custom_theme_settings`
(
    `id`    varchar(24)  NOT NULL,
    `theme` varchar(191) NOT NULL,
    `key`   varchar(191) NOT NULL,
    `type`  varchar(50)  NOT NULL,
    `value` text,
    PRIMARY KEY (`id`)
) ENGINE=InnoDB DEFAULT CHARSET=utf8mb4 COLLATE=utf8mb4_0900_ai_ci;
/*!40101 SET character_set_client = @saved_cs_client */;

--
-- Dumping data for table `custom_theme_settings`
--

LOCK
TABLES `custom_theme_settings` WRITE;
/*!40000 ALTER TABLE `custom_theme_settings` DISABLE KEYS */;
INSERT INTO `custom_theme_settings` (`id`, `theme`, `key`, `type`, `value`)
VALUES ('677fdad72a03ec000191a295', 'source', 'navigation_layout', 'select', 'Logo in the middle'),
       ('677fdad72a03ec000191a296', 'source', 'site_background_color', 'color', '#ffffff'),
       ('677fdad72a03ec000191a297', 'source', 'header_and_footer_color', 'select', 'Background color'),
       ('677fdad72a03ec000191a298', 'source', 'title_font', 'select', 'Modern sans-serif'),
       ('677fdad72a03ec000191a299', 'source', 'body_font', 'select', 'Modern sans-serif'),
       ('677fdad72a03ec000191a29a', 'source', 'signup_heading', 'text', NULL),
       ('677fdad72a03ec000191a29b', 'source', 'signup_subheading', 'text', NULL),
       ('677fdad72a03ec000191a29c', 'source', 'header_style', 'select', 'Landing'),
       ('677fdad72a03ec000191a29d', 'source', 'header_text', 'text', NULL),
       ('677fdad72a03ec000191a29e', 'source', 'background_image', 'boolean', 'true'),
       ('677fdad72a03ec000191a29f', 'source', 'show_featured_posts', 'boolean', 'false'),
       ('677fdad72a03ec000191a2a0', 'source', 'post_feed_style', 'select', 'List'),
       ('677fdad72a03ec000191a2a1', 'source', 'show_images_in_feed', 'boolean', 'true'),
       ('677fdad72a03ec000191a2a2', 'source', 'show_author', 'boolean', 'true'),
       ('677fdad72a03ec000191a2a3', 'source', 'show_publish_date', 'boolean', 'true'),
       ('677fdad72a03ec000191a2a4', 'source', 'show_publication_info_sidebar', 'boolean', 'false'),
       ('677fdad72a03ec000191a2a5', 'source', 'show_post_metadata', 'boolean', 'true'),
       ('677fdad72a03ec000191a2a6', 'source', 'enable_drop_caps_on_posts', 'boolean', 'false'),
       ('677fdad72a03ec000191a2a7', 'source', 'show_related_articles', 'boolean', 'true');
/*!40000 ALTER TABLE `custom_theme_settings` ENABLE KEYS */;
UNLOCK
TABLES;

--
-- Table structure for table `donation_payment_events`
--

DROP TABLE IF EXISTS `donation_payment_events`;
/*!40101 SET @saved_cs_client     = @@character_set_client */;
/*!50503 SET character_set_client = utf8mb4 */;
CREATE TABLE `donation_payment_events`
(
    `id`               varchar(24)  NOT NULL,
    `name`             varchar(191)  DEFAULT NULL,
    `email`            varchar(191) NOT NULL,
    `member_id`        varchar(24)   DEFAULT NULL,
    `amount`           int          NOT NULL,
    `currency`         varchar(50)  NOT NULL,
    `attribution_id`   varchar(24)   DEFAULT NULL,
    `attribution_type` varchar(50)   DEFAULT NULL,
    `attribution_url`  varchar(2000) DEFAULT NULL,
    `referrer_source`  varchar(191)  DEFAULT NULL,
    `referrer_medium`  varchar(191)  DEFAULT NULL,
    `referrer_url`     varchar(2000) DEFAULT NULL,
    `created_at`       datetime     NOT NULL,
    PRIMARY KEY (`id`),
    KEY                `donation_payment_events_member_id_foreign` (`member_id`),
    CONSTRAINT `donation_payment_events_member_id_foreign` FOREIGN KEY (`member_id`) REFERENCES `members` (`id`) ON DELETE SET NULL
) ENGINE=InnoDB DEFAULT CHARSET=utf8mb4 COLLATE=utf8mb4_0900_ai_ci;
/*!40101 SET character_set_client = @saved_cs_client */;

--
-- Dumping data for table `donation_payment_events`
--

LOCK
TABLES `donation_payment_events` WRITE;
/*!40000 ALTER TABLE `donation_payment_events` DISABLE KEYS */;
/*!40000 ALTER TABLE `donation_payment_events` ENABLE KEYS */;
UNLOCK
TABLES;

--
-- Table structure for table `email_batches`
--

DROP TABLE IF EXISTS `email_batches`;
/*!40101 SET @saved_cs_client     = @@character_set_client */;
/*!50503 SET character_set_client = utf8mb4 */;
CREATE TABLE `email_batches`
(
    `id`                varchar(24) NOT NULL,
    `email_id`          varchar(24) NOT NULL,
    `provider_id`       varchar(255)         DEFAULT NULL,
    `status`            varchar(50) NOT NULL DEFAULT 'pending',
    `member_segment`    text,
    `error_status_code` int unsigned DEFAULT NULL,
    `error_message`     varchar(2000)        DEFAULT NULL,
    `error_data`        longtext,
    `created_at`        datetime    NOT NULL,
    `updated_at`        datetime    NOT NULL,
    PRIMARY KEY (`id`),
    KEY                 `email_batches_email_id_foreign` (`email_id`),
    CONSTRAINT `email_batches_email_id_foreign` FOREIGN KEY (`email_id`) REFERENCES `emails` (`id`)
) ENGINE=InnoDB DEFAULT CHARSET=utf8mb4 COLLATE=utf8mb4_0900_ai_ci;
/*!40101 SET character_set_client = @saved_cs_client */;

--
-- Dumping data for table `email_batches`
--

LOCK
TABLES `email_batches` WRITE;
/*!40000 ALTER TABLE `email_batches` DISABLE KEYS */;
/*!40000 ALTER TABLE `email_batches` ENABLE KEYS */;
UNLOCK
TABLES;

--
-- Table structure for table `email_recipient_failures`
--

DROP TABLE IF EXISTS `email_recipient_failures`;
/*!40101 SET @saved_cs_client     = @@character_set_client */;
/*!50503 SET character_set_client = utf8mb4 */;
CREATE TABLE `email_recipient_failures`
(
    `id`                 varchar(24)   NOT NULL,
    `email_id`           varchar(24)   NOT NULL,
    `member_id`          varchar(24)            DEFAULT NULL,
    `email_recipient_id` varchar(24)   NOT NULL,
    `code`               int unsigned NOT NULL,
    `enhanced_code`      varchar(50)            DEFAULT NULL,
    `message`            varchar(2000) NOT NULL,
    `severity`           varchar(50)   NOT NULL DEFAULT 'permanent',
    `failed_at`          datetime      NOT NULL,
    `event_id`           varchar(255)           DEFAULT NULL,
    PRIMARY KEY (`id`),
    KEY                  `email_recipient_failures_email_id_foreign` (`email_id`),
    KEY                  `email_recipient_failures_email_recipient_id_foreign` (`email_recipient_id`),
    CONSTRAINT `email_recipient_failures_email_id_foreign` FOREIGN KEY (`email_id`) REFERENCES `emails` (`id`),
    CONSTRAINT `email_recipient_failures_email_recipient_id_foreign` FOREIGN KEY (`email_recipient_id`) REFERENCES `email_recipients` (`id`)
) ENGINE=InnoDB DEFAULT CHARSET=utf8mb4 COLLATE=utf8mb4_0900_ai_ci;
/*!40101 SET character_set_client = @saved_cs_client */;

--
-- Dumping data for table `email_recipient_failures`
--

LOCK
TABLES `email_recipient_failures` WRITE;
/*!40000 ALTER TABLE `email_recipient_failures` DISABLE KEYS */;
/*!40000 ALTER TABLE `email_recipient_failures` ENABLE KEYS */;
UNLOCK
TABLES;

--
-- Table structure for table `email_recipients`
--

DROP TABLE IF EXISTS `email_recipients`;
/*!40101 SET @saved_cs_client     = @@character_set_client */;
/*!50503 SET character_set_client = utf8mb4 */;
CREATE TABLE `email_recipients`
(
    `id`           varchar(24)  NOT NULL,
    `email_id`     varchar(24)  NOT NULL,
    `member_id`    varchar(24)  NOT NULL,
    `batch_id`     varchar(24)  NOT NULL,
    `processed_at` datetime     DEFAULT NULL,
    `delivered_at` datetime     DEFAULT NULL,
    `opened_at`    datetime     DEFAULT NULL,
    `failed_at`    datetime     DEFAULT NULL,
    `member_uuid`  varchar(36)  NOT NULL,
    `member_email` varchar(191) NOT NULL,
    `member_name`  varchar(191) DEFAULT NULL,
    PRIMARY KEY (`id`),
    KEY            `email_recipients_member_id_index` (`member_id`),
    KEY            `email_recipients_batch_id_foreign` (`batch_id`),
    KEY            `email_recipients_delivered_at_index` (`delivered_at`),
    KEY            `email_recipients_opened_at_index` (`opened_at`),
    KEY            `email_recipients_failed_at_index` (`failed_at`),
    KEY            `email_recipients_email_id_member_email_index` (`email_id`,`member_email`),
    CONSTRAINT `email_recipients_batch_id_foreign` FOREIGN KEY (`batch_id`) REFERENCES `email_batches` (`id`),
    CONSTRAINT `email_recipients_email_id_foreign` FOREIGN KEY (`email_id`) REFERENCES `emails` (`id`)
) ENGINE=InnoDB DEFAULT CHARSET=utf8mb4 COLLATE=utf8mb4_0900_ai_ci;
/*!40101 SET character_set_client = @saved_cs_client */;

--
-- Dumping data for table `email_recipients`
--

LOCK
TABLES `email_recipients` WRITE;
/*!40000 ALTER TABLE `email_recipients` DISABLE KEYS */;
/*!40000 ALTER TABLE `email_recipients` ENABLE KEYS */;
UNLOCK
TABLES;

--
-- Table structure for table `email_spam_complaint_events`
--

DROP TABLE IF EXISTS `email_spam_complaint_events`;
/*!40101 SET @saved_cs_client     = @@character_set_client */;
/*!50503 SET character_set_client = utf8mb4 */;
CREATE TABLE `email_spam_complaint_events`
(
    `id`            varchar(24)  NOT NULL,
    `member_id`     varchar(24)  NOT NULL,
    `email_id`      varchar(24)  NOT NULL,
    `email_address` varchar(191) NOT NULL,
    `created_at`    datetime     NOT NULL,
    PRIMARY KEY (`id`),
    UNIQUE KEY `email_spam_complaint_events_email_id_member_id_unique` (`email_id`,`member_id`),
    KEY             `email_spam_complaint_events_member_id_foreign` (`member_id`),
    CONSTRAINT `email_spam_complaint_events_email_id_foreign` FOREIGN KEY (`email_id`) REFERENCES `emails` (`id`),
    CONSTRAINT `email_spam_complaint_events_member_id_foreign` FOREIGN KEY (`member_id`) REFERENCES `members` (`id`) ON DELETE CASCADE
) ENGINE=InnoDB DEFAULT CHARSET=utf8mb4 COLLATE=utf8mb4_0900_ai_ci;
/*!40101 SET character_set_client = @saved_cs_client */;

--
-- Dumping data for table `email_spam_complaint_events`
--

LOCK
TABLES `email_spam_complaint_events` WRITE;
/*!40000 ALTER TABLE `email_spam_complaint_events` DISABLE KEYS */;
/*!40000 ALTER TABLE `email_spam_complaint_events` ENABLE KEYS */;
UNLOCK
TABLES;

--
-- Table structure for table `emails`
--

DROP TABLE IF EXISTS `emails`;
/*!40101 SET @saved_cs_client     = @@character_set_client */;
/*!50503 SET character_set_client = utf8mb4 */;
CREATE TABLE `emails`
(
    `id`               varchar(24) NOT NULL,
    `post_id`          varchar(24) NOT NULL,
    `uuid`             varchar(36) NOT NULL,
    `status`           varchar(50) NOT NULL DEFAULT 'pending',
    `recipient_filter` text        NOT NULL,
    `error`            varchar(2000)        DEFAULT NULL,
    `error_data`       longtext,
    `email_count`      int unsigned NOT NULL DEFAULT '0',
    `delivered_count`  int unsigned NOT NULL DEFAULT '0',
    `opened_count`     int unsigned NOT NULL DEFAULT '0',
    `failed_count`     int unsigned NOT NULL DEFAULT '0',
    `subject`          varchar(300)         DEFAULT NULL,
    `from`             varchar(2000)        DEFAULT NULL,
    `reply_to`         varchar(2000)        DEFAULT NULL,
    `html`             longtext,
    `plaintext`        longtext,
    `source`           longtext,
    `source_type`      varchar(50) NOT NULL DEFAULT 'html',
    `track_opens`      tinyint(1) NOT NULL DEFAULT '0',
    `track_clicks`     tinyint(1) NOT NULL DEFAULT '0',
    `feedback_enabled` tinyint(1) NOT NULL DEFAULT '0',
    `submitted_at`     datetime    NOT NULL,
    `newsletter_id`    varchar(24)          DEFAULT NULL,
    `created_at`       datetime    NOT NULL,
    `created_by`       varchar(24) NOT NULL,
    `updated_at`       datetime             DEFAULT NULL,
    `updated_by`       varchar(24)          DEFAULT NULL,
    PRIMARY KEY (`id`),
    UNIQUE KEY `emails_post_id_unique` (`post_id`),
    KEY                `emails_post_id_index` (`post_id`),
    KEY                `emails_newsletter_id_foreign` (`newsletter_id`),
    CONSTRAINT `emails_newsletter_id_foreign` FOREIGN KEY (`newsletter_id`) REFERENCES `newsletters` (`id`)
) ENGINE=InnoDB DEFAULT CHARSET=utf8mb4 COLLATE=utf8mb4_0900_ai_ci;
/*!40101 SET character_set_client = @saved_cs_client */;

--
-- Dumping data for table `emails`
--

LOCK
TABLES `emails` WRITE;
/*!40000 ALTER TABLE `emails` DISABLE KEYS */;
/*!40000 ALTER TABLE `emails` ENABLE KEYS */;
UNLOCK
TABLES;

--
-- Table structure for table `integrations`
--

DROP TABLE IF EXISTS `integrations`;
/*!40101 SET @saved_cs_client     = @@character_set_client */;
/*!50503 SET character_set_client = utf8mb4 */;
CREATE TABLE `integrations`
(
    `id`          varchar(24)  NOT NULL,
    `type`        varchar(50)  NOT NULL DEFAULT 'custom',
    `name`        varchar(191) NOT NULL,
    `slug`        varchar(191) NOT NULL,
    `icon_image`  varchar(2000)         DEFAULT NULL,
    `description` varchar(2000)         DEFAULT NULL,
    `created_at`  datetime     NOT NULL,
    `created_by`  varchar(24)  NOT NULL,
    `updated_at`  datetime              DEFAULT NULL,
    `updated_by`  varchar(24)           DEFAULT NULL,
    PRIMARY KEY (`id`),
    UNIQUE KEY `integrations_slug_unique` (`slug`)
) ENGINE=InnoDB DEFAULT CHARSET=utf8mb4 COLLATE=utf8mb4_0900_ai_ci;
/*!40101 SET character_set_client = @saved_cs_client */;

--
-- Dumping data for table `integrations`
--

LOCK
TABLES `integrations` WRITE;
/*!40000 ALTER TABLE `integrations` DISABLE KEYS */;
INSERT INTO `integrations` (`id`, `type`, `name`, `slug`, `icon_image`, `description`, `created_at`, `created_by`,
                            `updated_at`, `updated_by`)
VALUES ('677fdad32a03ec000191a0d2', 'builtin', 'Zapier', 'zapier', NULL, 'Built-in Zapier integration',
        '2025-01-09 14:18:59', '1', '2025-01-09 14:18:59', '1'),
       ('677fdad32a03ec000191a0d4', 'core', 'Ghost Explore', 'ghost-explore', NULL,
        'Built-in Ghost Explore integration', '2025-01-09 14:18:59', '1', '2025-01-09 14:18:59', '1'),
       ('677fdad32a03ec000191a0d6', 'core', 'Self-Serve Migration Integration', 'self-serve-migration', NULL,
        'Core Self-Serve Migration integration', '2025-01-09 14:18:59', '1', '2025-01-09 14:18:59', '1'),
       ('677fdad32a03ec000191a0d8', 'internal', 'Ghost Backup', 'ghost-backup', NULL, 'Internal DB Backup integration',
        '2025-01-09 14:18:59', '1', '2025-01-09 14:18:59', '1'),
       ('677fdad32a03ec000191a0da', 'internal', 'Ghost Scheduler', 'ghost-scheduler', NULL,
        'Internal Scheduler integration', '2025-01-09 14:18:59', '1', '2025-01-09 14:18:59', '1'),
       ('677fdad32a03ec000191a0dc', 'internal', 'Ghost Internal Frontend', 'ghost-internal-frontend', NULL,
        'Internal frontend integration', '2025-01-09 14:18:59', '1', '2025-01-09 14:18:59', '1'),
       ('677fdad32a03ec000191a0de', 'core', 'Ghost Core Content API', 'ghost-core-content', NULL,
        'Internal Content API integration for Admin access', '2025-01-09 14:18:59', '1', '2025-01-09 14:18:59', '1');
/*!40000 ALTER TABLE `integrations` ENABLE KEYS */;
UNLOCK
TABLES;

--
-- Table structure for table `invites`
--

DROP TABLE IF EXISTS `invites`;
/*!40101 SET @saved_cs_client     = @@character_set_client */;
/*!50503 SET character_set_client = utf8mb4 */;
CREATE TABLE `invites`
(
    `id`         varchar(24)  NOT NULL,
    `role_id`    varchar(24)  NOT NULL,
    `status`     varchar(50)  NOT NULL DEFAULT 'pending',
    `token`      varchar(191) NOT NULL,
    `email`      varchar(191) NOT NULL,
    `expires`    bigint       NOT NULL,
    `created_at` datetime     NOT NULL,
    `created_by` varchar(24)  NOT NULL,
    `updated_at` datetime              DEFAULT NULL,
    `updated_by` varchar(24)           DEFAULT NULL,
    PRIMARY KEY (`id`),
    UNIQUE KEY `invites_token_unique` (`token`),
    UNIQUE KEY `invites_email_unique` (`email`)
) ENGINE=InnoDB DEFAULT CHARSET=utf8mb4 COLLATE=utf8mb4_0900_ai_ci;
/*!40101 SET character_set_client = @saved_cs_client */;

--
-- Dumping data for table `invites`
--

LOCK
TABLES `invites` WRITE;
/*!40000 ALTER TABLE `invites` DISABLE KEYS */;
/*!40000 ALTER TABLE `invites` ENABLE KEYS */;
UNLOCK
TABLES;

--
-- Table structure for table `jobs`
--

DROP TABLE IF EXISTS `jobs`;
/*!40101 SET @saved_cs_client     = @@character_set_client */;
/*!50503 SET character_set_client = utf8mb4 */;
CREATE TABLE `jobs`
(
    `id`          varchar(24)  NOT NULL,
    `name`        varchar(191) NOT NULL,
    `status`      varchar(50)  NOT NULL DEFAULT 'queued',
    `started_at`  datetime              DEFAULT NULL,
    `finished_at` datetime              DEFAULT NULL,
    `created_at`  datetime     NOT NULL,
    `updated_at`  datetime              DEFAULT NULL,
    PRIMARY KEY (`id`),
    UNIQUE KEY `jobs_name_unique` (`name`)
) ENGINE=InnoDB DEFAULT CHARSET=utf8mb4 COLLATE=utf8mb4_0900_ai_ci;
/*!40101 SET character_set_client = @saved_cs_client */;

--
-- Dumping data for table `jobs`
--

LOCK
TABLES `jobs` WRITE;
/*!40000 ALTER TABLE `jobs` DISABLE KEYS */;
INSERT INTO `jobs` (`id`, `name`, `status`, `started_at`, `finished_at`, `created_at`, `updated_at`)
VALUES ('677fdad92a03ec000191a2a8', 'members-migrations', 'finished', '2025-01-09 14:19:05', '2025-01-09 14:19:05',
        '2025-01-09 14:19:05', '2025-01-09 14:19:05');
/*!40000 ALTER TABLE `jobs` ENABLE KEYS */;
UNLOCK
TABLES;

--
-- Table structure for table `labels`
--

DROP TABLE IF EXISTS `labels`;
/*!40101 SET @saved_cs_client     = @@character_set_client */;
/*!50503 SET character_set_client = utf8mb4 */;
CREATE TABLE `labels`
(
    `id`         varchar(24)  NOT NULL,
    `name`       varchar(191) NOT NULL,
    `slug`       varchar(191) NOT NULL,
    `created_at` datetime     NOT NULL,
    `created_by` varchar(24)  NOT NULL,
    `updated_at` datetime    DEFAULT NULL,
    `updated_by` varchar(24) DEFAULT NULL,
    PRIMARY KEY (`id`),
    UNIQUE KEY `labels_name_unique` (`name`),
    UNIQUE KEY `labels_slug_unique` (`slug`)
) ENGINE=InnoDB DEFAULT CHARSET=utf8mb4 COLLATE=utf8mb4_0900_ai_ci;
/*!40101 SET character_set_client = @saved_cs_client */;

--
-- Dumping data for table `labels`
--

LOCK
TABLES `labels` WRITE;
/*!40000 ALTER TABLE `labels` DISABLE KEYS */;
/*!40000 ALTER TABLE `labels` ENABLE KEYS */;
UNLOCK
TABLES;

--
-- Table structure for table `members`
--

DROP TABLE IF EXISTS `members`;
/*!40101 SET @saved_cs_client     = @@character_set_client */;
/*!50503 SET character_set_client = utf8mb4 */;
CREATE TABLE `members`
(
    `id`                           varchar(24)  NOT NULL,
    `uuid`                         varchar(36)           DEFAULT NULL,
    `transient_id`                 varchar(191) NOT NULL,
    `email`                        varchar(191) NOT NULL,
    `status`                       varchar(50)  NOT NULL DEFAULT 'free',
    `name`                         varchar(191)          DEFAULT NULL,
    `expertise`                    varchar(191)          DEFAULT NULL,
    `note`                         varchar(2000)         DEFAULT NULL,
    `geolocation`                  varchar(2000)         DEFAULT NULL,
    `enable_comment_notifications` tinyint(1) NOT NULL DEFAULT '1',
    `email_count`                  int unsigned NOT NULL DEFAULT '0',
    `email_opened_count`           int unsigned NOT NULL DEFAULT '0',
    `email_open_rate`              int unsigned DEFAULT NULL,
    `email_disabled`               tinyint(1) NOT NULL DEFAULT '0',
    `last_seen_at`                 datetime              DEFAULT NULL,
    `last_commented_at`            datetime              DEFAULT NULL,
    `created_at`                   datetime     NOT NULL,
    `created_by`                   varchar(24)  NOT NULL,
    `updated_at`                   datetime              DEFAULT NULL,
    `updated_by`                   varchar(24)           DEFAULT NULL,
    PRIMARY KEY (`id`),
    UNIQUE KEY `members_transient_id_unique` (`transient_id`),
    UNIQUE KEY `members_email_unique` (`email`),
    UNIQUE KEY `members_uuid_unique` (`uuid`),
    KEY                            `members_email_open_rate_index` (`email_open_rate`)
) ENGINE=InnoDB DEFAULT CHARSET=utf8mb4 COLLATE=utf8mb4_0900_ai_ci;
/*!40101 SET character_set_client = @saved_cs_client */;

--
-- Dumping data for table `members`
--

LOCK
TABLES `members` WRITE;
/*!40000 ALTER TABLE `members` DISABLE KEYS */;
/*!40000 ALTER TABLE `members` ENABLE KEYS */;
UNLOCK
TABLES;

--
-- Table structure for table `members_cancel_events`
--

DROP TABLE IF EXISTS `members_cancel_events`;
/*!40101 SET @saved_cs_client     = @@character_set_client */;
/*!50503 SET character_set_client = utf8mb4 */;
CREATE TABLE `members_cancel_events`
(
    `id`         varchar(24)  NOT NULL,
    `member_id`  varchar(24)  NOT NULL,
    `from_plan`  varchar(255) NOT NULL,
    `created_at` datetime     NOT NULL,
    PRIMARY KEY (`id`),
    KEY          `members_cancel_events_member_id_foreign` (`member_id`),
    CONSTRAINT `members_cancel_events_member_id_foreign` FOREIGN KEY (`member_id`) REFERENCES `members` (`id`) ON DELETE CASCADE
) ENGINE=InnoDB DEFAULT CHARSET=utf8mb4 COLLATE=utf8mb4_0900_ai_ci;
/*!40101 SET character_set_client = @saved_cs_client */;

--
-- Dumping data for table `members_cancel_events`
--

LOCK
TABLES `members_cancel_events` WRITE;
/*!40000 ALTER TABLE `members_cancel_events` DISABLE KEYS */;
/*!40000 ALTER TABLE `members_cancel_events` ENABLE KEYS */;
UNLOCK
TABLES;

--
-- Table structure for table `members_click_events`
--

DROP TABLE IF EXISTS `members_click_events`;
/*!40101 SET @saved_cs_client     = @@character_set_client */;
/*!50503 SET character_set_client = utf8mb4 */;
CREATE TABLE `members_click_events`
(
    `id`          varchar(24) NOT NULL,
    `member_id`   varchar(24) NOT NULL,
    `redirect_id` varchar(24) NOT NULL,
    `created_at`  datetime    NOT NULL,
    PRIMARY KEY (`id`),
    KEY           `members_click_events_member_id_foreign` (`member_id`),
    KEY           `members_click_events_redirect_id_foreign` (`redirect_id`),
    CONSTRAINT `members_click_events_member_id_foreign` FOREIGN KEY (`member_id`) REFERENCES `members` (`id`) ON DELETE CASCADE,
    CONSTRAINT `members_click_events_redirect_id_foreign` FOREIGN KEY (`redirect_id`) REFERENCES `redirects` (`id`) ON DELETE CASCADE
) ENGINE=InnoDB DEFAULT CHARSET=utf8mb4 COLLATE=utf8mb4_0900_ai_ci;
/*!40101 SET character_set_client = @saved_cs_client */;

--
-- Dumping data for table `members_click_events`
--

LOCK
TABLES `members_click_events` WRITE;
/*!40000 ALTER TABLE `members_click_events` DISABLE KEYS */;
/*!40000 ALTER TABLE `members_click_events` ENABLE KEYS */;
UNLOCK
TABLES;

--
-- Table structure for table `members_created_events`
--

DROP TABLE IF EXISTS `members_created_events`;
/*!40101 SET @saved_cs_client     = @@character_set_client */;
/*!50503 SET character_set_client = utf8mb4 */;
CREATE TABLE `members_created_events`
(
    `id`               varchar(24) NOT NULL,
    `created_at`       datetime    NOT NULL,
    `member_id`        varchar(24) NOT NULL,
    `attribution_id`   varchar(24)   DEFAULT NULL,
    `attribution_type` varchar(50)   DEFAULT NULL,
    `attribution_url`  varchar(2000) DEFAULT NULL,
    `referrer_source`  varchar(191)  DEFAULT NULL,
    `referrer_medium`  varchar(191)  DEFAULT NULL,
    `referrer_url`     varchar(2000) DEFAULT NULL,
    `source`           varchar(50) NOT NULL,
    `batch_id`         varchar(24)   DEFAULT NULL,
    PRIMARY KEY (`id`),
    KEY                `members_created_events_member_id_foreign` (`member_id`),
    KEY                `members_created_events_attribution_id_index` (`attribution_id`),
    CONSTRAINT `members_created_events_member_id_foreign` FOREIGN KEY (`member_id`) REFERENCES `members` (`id`) ON DELETE CASCADE
) ENGINE=InnoDB DEFAULT CHARSET=utf8mb4 COLLATE=utf8mb4_0900_ai_ci;
/*!40101 SET character_set_client = @saved_cs_client */;

--
-- Dumping data for table `members_created_events`
--

LOCK
TABLES `members_created_events` WRITE;
/*!40000 ALTER TABLE `members_created_events` DISABLE KEYS */;
/*!40000 ALTER TABLE `members_created_events` ENABLE KEYS */;
UNLOCK
TABLES;

--
-- Table structure for table `members_email_change_events`
--

DROP TABLE IF EXISTS `members_email_change_events`;
/*!40101 SET @saved_cs_client     = @@character_set_client */;
/*!50503 SET character_set_client = utf8mb4 */;
CREATE TABLE `members_email_change_events`
(
    `id`         varchar(24)  NOT NULL,
    `member_id`  varchar(24)  NOT NULL,
    `to_email`   varchar(191) NOT NULL,
    `from_email` varchar(191) NOT NULL,
    `created_at` datetime     NOT NULL,
    PRIMARY KEY (`id`),
    KEY          `members_email_change_events_member_id_foreign` (`member_id`),
    CONSTRAINT `members_email_change_events_member_id_foreign` FOREIGN KEY (`member_id`) REFERENCES `members` (`id`) ON DELETE CASCADE
) ENGINE=InnoDB DEFAULT CHARSET=utf8mb4 COLLATE=utf8mb4_0900_ai_ci;
/*!40101 SET character_set_client = @saved_cs_client */;

--
-- Dumping data for table `members_email_change_events`
--

LOCK
TABLES `members_email_change_events` WRITE;
/*!40000 ALTER TABLE `members_email_change_events` DISABLE KEYS */;
/*!40000 ALTER TABLE `members_email_change_events` ENABLE KEYS */;
UNLOCK
TABLES;

--
-- Table structure for table `members_feedback`
--

DROP TABLE IF EXISTS `members_feedback`;
/*!40101 SET @saved_cs_client     = @@character_set_client */;
/*!50503 SET character_set_client = utf8mb4 */;
CREATE TABLE `members_feedback`
(
    `id`         varchar(24) NOT NULL,
    `score`      int unsigned NOT NULL DEFAULT '0',
    `member_id`  varchar(24) NOT NULL,
    `post_id`    varchar(24) NOT NULL,
    `created_at` datetime    NOT NULL,
    `updated_at` datetime DEFAULT NULL,
    PRIMARY KEY (`id`),
    KEY          `members_feedback_member_id_foreign` (`member_id`),
    KEY          `members_feedback_post_id_foreign` (`post_id`),
    CONSTRAINT `members_feedback_member_id_foreign` FOREIGN KEY (`member_id`) REFERENCES `members` (`id`) ON DELETE CASCADE,
    CONSTRAINT `members_feedback_post_id_foreign` FOREIGN KEY (`post_id`) REFERENCES `posts` (`id`) ON DELETE CASCADE
) ENGINE=InnoDB DEFAULT CHARSET=utf8mb4 COLLATE=utf8mb4_0900_ai_ci;
/*!40101 SET character_set_client = @saved_cs_client */;

--
-- Dumping data for table `members_feedback`
--

LOCK
TABLES `members_feedback` WRITE;
/*!40000 ALTER TABLE `members_feedback` DISABLE KEYS */;
/*!40000 ALTER TABLE `members_feedback` ENABLE KEYS */;
UNLOCK
TABLES;

--
-- Table structure for table `members_labels`
--

DROP TABLE IF EXISTS `members_labels`;
/*!40101 SET @saved_cs_client     = @@character_set_client */;
/*!50503 SET character_set_client = utf8mb4 */;
CREATE TABLE `members_labels`
(
    `id`         varchar(24) NOT NULL,
    `member_id`  varchar(24) NOT NULL,
    `label_id`   varchar(24) NOT NULL,
    `sort_order` int unsigned NOT NULL DEFAULT '0',
    PRIMARY KEY (`id`),
    KEY          `members_labels_member_id_foreign` (`member_id`),
    KEY          `members_labels_label_id_foreign` (`label_id`),
    CONSTRAINT `members_labels_label_id_foreign` FOREIGN KEY (`label_id`) REFERENCES `labels` (`id`) ON DELETE CASCADE,
    CONSTRAINT `members_labels_member_id_foreign` FOREIGN KEY (`member_id`) REFERENCES `members` (`id`) ON DELETE CASCADE
) ENGINE=InnoDB DEFAULT CHARSET=utf8mb4 COLLATE=utf8mb4_0900_ai_ci;
/*!40101 SET character_set_client = @saved_cs_client */;

--
-- Dumping data for table `members_labels`
--

LOCK
TABLES `members_labels` WRITE;
/*!40000 ALTER TABLE `members_labels` DISABLE KEYS */;
/*!40000 ALTER TABLE `members_labels` ENABLE KEYS */;
UNLOCK
TABLES;

--
-- Table structure for table `members_login_events`
--

DROP TABLE IF EXISTS `members_login_events`;
/*!40101 SET @saved_cs_client     = @@character_set_client */;
/*!50503 SET character_set_client = utf8mb4 */;
CREATE TABLE `members_login_events`
(
    `id`         varchar(24) NOT NULL,
    `member_id`  varchar(24) NOT NULL,
    `created_at` datetime    NOT NULL,
    PRIMARY KEY (`id`),
    KEY          `members_login_events_member_id_foreign` (`member_id`),
    CONSTRAINT `members_login_events_member_id_foreign` FOREIGN KEY (`member_id`) REFERENCES `members` (`id`) ON DELETE CASCADE
) ENGINE=InnoDB DEFAULT CHARSET=utf8mb4 COLLATE=utf8mb4_0900_ai_ci;
/*!40101 SET character_set_client = @saved_cs_client */;

--
-- Dumping data for table `members_login_events`
--

LOCK
TABLES `members_login_events` WRITE;
/*!40000 ALTER TABLE `members_login_events` DISABLE KEYS */;
/*!40000 ALTER TABLE `members_login_events` ENABLE KEYS */;
UNLOCK
TABLES;

--
-- Table structure for table `members_newsletters`
--

DROP TABLE IF EXISTS `members_newsletters`;
/*!40101 SET @saved_cs_client     = @@character_set_client */;
/*!50503 SET character_set_client = utf8mb4 */;
CREATE TABLE `members_newsletters`
(
    `id`            varchar(24) NOT NULL,
    `member_id`     varchar(24) NOT NULL,
    `newsletter_id` varchar(24) NOT NULL,
    PRIMARY KEY (`id`),
    KEY             `members_newsletters_member_id_foreign` (`member_id`),
    KEY             `members_newsletters_newsletter_id_member_id_index` (`newsletter_id`,`member_id`),
    CONSTRAINT `members_newsletters_member_id_foreign` FOREIGN KEY (`member_id`) REFERENCES `members` (`id`) ON DELETE CASCADE,
    CONSTRAINT `members_newsletters_newsletter_id_foreign` FOREIGN KEY (`newsletter_id`) REFERENCES `newsletters` (`id`) ON DELETE CASCADE
) ENGINE=InnoDB DEFAULT CHARSET=utf8mb4 COLLATE=utf8mb4_0900_ai_ci;
/*!40101 SET character_set_client = @saved_cs_client */;

--
-- Dumping data for table `members_newsletters`
--

LOCK
TABLES `members_newsletters` WRITE;
/*!40000 ALTER TABLE `members_newsletters` DISABLE KEYS */;
/*!40000 ALTER TABLE `members_newsletters` ENABLE KEYS */;
UNLOCK
TABLES;

--
-- Table structure for table `members_paid_subscription_events`
--

DROP TABLE IF EXISTS `members_paid_subscription_events`;
/*!40101 SET @saved_cs_client     = @@character_set_client */;
/*!50503 SET character_set_client = utf8mb4 */;
CREATE TABLE `members_paid_subscription_events`
(
    `id`              varchar(24)  NOT NULL,
    `type`            varchar(50)  DEFAULT NULL,
    `member_id`       varchar(24)  NOT NULL,
    `subscription_id` varchar(24)  DEFAULT NULL,
    `from_plan`       varchar(255) DEFAULT NULL,
    `to_plan`         varchar(255) DEFAULT NULL,
    `currency`        varchar(191) NOT NULL,
    `source`          varchar(50)  NOT NULL,
    `mrr_delta`       int          NOT NULL,
    `created_at`      datetime     NOT NULL,
    PRIMARY KEY (`id`),
    KEY               `members_paid_subscription_events_member_id_foreign` (`member_id`),
    CONSTRAINT `members_paid_subscription_events_member_id_foreign` FOREIGN KEY (`member_id`) REFERENCES `members` (`id`) ON DELETE CASCADE
) ENGINE=InnoDB DEFAULT CHARSET=utf8mb4 COLLATE=utf8mb4_0900_ai_ci;
/*!40101 SET character_set_client = @saved_cs_client */;

--
-- Dumping data for table `members_paid_subscription_events`
--

LOCK
TABLES `members_paid_subscription_events` WRITE;
/*!40000 ALTER TABLE `members_paid_subscription_events` DISABLE KEYS */;
/*!40000 ALTER TABLE `members_paid_subscription_events` ENABLE KEYS */;
UNLOCK
TABLES;

--
-- Table structure for table `members_payment_events`
--

DROP TABLE IF EXISTS `members_payment_events`;
/*!40101 SET @saved_cs_client     = @@character_set_client */;
/*!50503 SET character_set_client = utf8mb4 */;
CREATE TABLE `members_payment_events`
(
    `id`         varchar(24)  NOT NULL,
    `member_id`  varchar(24)  NOT NULL,
    `amount`     int          NOT NULL,
    `currency`   varchar(191) NOT NULL,
    `source`     varchar(50)  NOT NULL,
    `created_at` datetime     NOT NULL,
    PRIMARY KEY (`id`),
    KEY          `members_payment_events_member_id_foreign` (`member_id`),
    CONSTRAINT `members_payment_events_member_id_foreign` FOREIGN KEY (`member_id`) REFERENCES `members` (`id`) ON DELETE CASCADE
) ENGINE=InnoDB DEFAULT CHARSET=utf8mb4 COLLATE=utf8mb4_0900_ai_ci;
/*!40101 SET character_set_client = @saved_cs_client */;

--
-- Dumping data for table `members_payment_events`
--

LOCK
TABLES `members_payment_events` WRITE;
/*!40000 ALTER TABLE `members_payment_events` DISABLE KEYS */;
/*!40000 ALTER TABLE `members_payment_events` ENABLE KEYS */;
UNLOCK
TABLES;

--
-- Table structure for table `members_product_events`
--

DROP TABLE IF EXISTS `members_product_events`;
/*!40101 SET @saved_cs_client     = @@character_set_client */;
/*!50503 SET character_set_client = utf8mb4 */;
CREATE TABLE `members_product_events`
(
    `id`         varchar(24) NOT NULL,
    `member_id`  varchar(24) NOT NULL,
    `product_id` varchar(24) NOT NULL,
    `action`     varchar(50) DEFAULT NULL,
    `created_at` datetime    NOT NULL,
    PRIMARY KEY (`id`),
    KEY          `members_product_events_member_id_foreign` (`member_id`),
    KEY          `members_product_events_product_id_foreign` (`product_id`),
    CONSTRAINT `members_product_events_member_id_foreign` FOREIGN KEY (`member_id`) REFERENCES `members` (`id`) ON DELETE CASCADE,
    CONSTRAINT `members_product_events_product_id_foreign` FOREIGN KEY (`product_id`) REFERENCES `products` (`id`)
) ENGINE=InnoDB DEFAULT CHARSET=utf8mb4 COLLATE=utf8mb4_0900_ai_ci;
/*!40101 SET character_set_client = @saved_cs_client */;

--
-- Dumping data for table `members_product_events`
--

LOCK
TABLES `members_product_events` WRITE;
/*!40000 ALTER TABLE `members_product_events` DISABLE KEYS */;
/*!40000 ALTER TABLE `members_product_events` ENABLE KEYS */;
UNLOCK
TABLES;

--
-- Table structure for table `members_products`
--

DROP TABLE IF EXISTS `members_products`;
/*!40101 SET @saved_cs_client     = @@character_set_client */;
/*!50503 SET character_set_client = utf8mb4 */;
CREATE TABLE `members_products`
(
    `id`         varchar(24) NOT NULL,
    `member_id`  varchar(24) NOT NULL,
    `product_id` varchar(24) NOT NULL,
    `sort_order` int unsigned NOT NULL DEFAULT '0',
    `expiry_at`  datetime DEFAULT NULL,
    PRIMARY KEY (`id`),
    KEY          `members_products_member_id_foreign` (`member_id`),
    KEY          `members_products_product_id_foreign` (`product_id`),
    CONSTRAINT `members_products_member_id_foreign` FOREIGN KEY (`member_id`) REFERENCES `members` (`id`) ON DELETE CASCADE,
    CONSTRAINT `members_products_product_id_foreign` FOREIGN KEY (`product_id`) REFERENCES `products` (`id`) ON DELETE CASCADE
) ENGINE=InnoDB DEFAULT CHARSET=utf8mb4 COLLATE=utf8mb4_0900_ai_ci;
/*!40101 SET character_set_client = @saved_cs_client */;

--
-- Dumping data for table `members_products`
--

LOCK
TABLES `members_products` WRITE;
/*!40000 ALTER TABLE `members_products` DISABLE KEYS */;
/*!40000 ALTER TABLE `members_products` ENABLE KEYS */;
UNLOCK
TABLES;

--
-- Table structure for table `members_status_events`
--

DROP TABLE IF EXISTS `members_status_events`;
/*!40101 SET @saved_cs_client     = @@character_set_client */;
/*!50503 SET character_set_client = utf8mb4 */;
CREATE TABLE `members_status_events`
(
    `id`          varchar(24) NOT NULL,
    `member_id`   varchar(24) NOT NULL,
    `from_status` varchar(50) DEFAULT NULL,
    `to_status`   varchar(50) DEFAULT NULL,
    `created_at`  datetime    NOT NULL,
    PRIMARY KEY (`id`),
    KEY           `members_status_events_member_id_foreign` (`member_id`),
    CONSTRAINT `members_status_events_member_id_foreign` FOREIGN KEY (`member_id`) REFERENCES `members` (`id`) ON DELETE CASCADE
) ENGINE=InnoDB DEFAULT CHARSET=utf8mb4 COLLATE=utf8mb4_0900_ai_ci;
/*!40101 SET character_set_client = @saved_cs_client */;

--
-- Dumping data for table `members_status_events`
--

LOCK
TABLES `members_status_events` WRITE;
/*!40000 ALTER TABLE `members_status_events` DISABLE KEYS */;
/*!40000 ALTER TABLE `members_status_events` ENABLE KEYS */;
UNLOCK
TABLES;

--
-- Table structure for table `members_stripe_customers`
--

DROP TABLE IF EXISTS `members_stripe_customers`;
/*!40101 SET @saved_cs_client     = @@character_set_client */;
/*!50503 SET character_set_client = utf8mb4 */;
CREATE TABLE `members_stripe_customers`
(
    `id`          varchar(24)  NOT NULL,
    `member_id`   varchar(24)  NOT NULL,
    `customer_id` varchar(255) NOT NULL,
    `name`        varchar(191) DEFAULT NULL,
    `email`       varchar(191) DEFAULT NULL,
    `created_at`  datetime     NOT NULL,
    `created_by`  varchar(24)  NOT NULL,
    `updated_at`  datetime     DEFAULT NULL,
    `updated_by`  varchar(24)  DEFAULT NULL,
    PRIMARY KEY (`id`),
    UNIQUE KEY `members_stripe_customers_customer_id_unique` (`customer_id`),
    KEY           `members_stripe_customers_member_id_foreign` (`member_id`),
    CONSTRAINT `members_stripe_customers_member_id_foreign` FOREIGN KEY (`member_id`) REFERENCES `members` (`id`) ON DELETE CASCADE
) ENGINE=InnoDB DEFAULT CHARSET=utf8mb4 COLLATE=utf8mb4_0900_ai_ci;
/*!40101 SET character_set_client = @saved_cs_client */;

--
-- Dumping data for table `members_stripe_customers`
--

LOCK
TABLES `members_stripe_customers` WRITE;
/*!40000 ALTER TABLE `members_stripe_customers` DISABLE KEYS */;
/*!40000 ALTER TABLE `members_stripe_customers` ENABLE KEYS */;
UNLOCK
TABLES;

--
-- Table structure for table `members_stripe_customers_subscriptions`
--

DROP TABLE IF EXISTS `members_stripe_customers_subscriptions`;
/*!40101 SET @saved_cs_client     = @@character_set_client */;
/*!50503 SET character_set_client = utf8mb4 */;
CREATE TABLE `members_stripe_customers_subscriptions`
(
    `id`                         varchar(24)  NOT NULL,
    `customer_id`                varchar(255) NOT NULL,
    `ghost_subscription_id`      varchar(24)           DEFAULT NULL,
    `subscription_id`            varchar(255) NOT NULL,
    `stripe_price_id`            varchar(255) NOT NULL DEFAULT '',
    `status`                     varchar(50)  NOT NULL,
    `cancel_at_period_end`       tinyint(1) NOT NULL DEFAULT '0',
    `cancellation_reason`        varchar(500)          DEFAULT NULL,
    `current_period_end`         datetime     NOT NULL,
    `start_date`                 datetime     NOT NULL,
    `default_payment_card_last4` varchar(4)            DEFAULT NULL,
    `created_at`                 datetime     NOT NULL,
    `created_by`                 varchar(24)  NOT NULL,
    `updated_at`                 datetime              DEFAULT NULL,
    `updated_by`                 varchar(24)           DEFAULT NULL,
    `mrr`                        int unsigned NOT NULL DEFAULT '0',
    `offer_id`                   varchar(24)           DEFAULT NULL,
    `trial_start_at`             datetime              DEFAULT NULL,
    `trial_end_at`               datetime              DEFAULT NULL,
    `plan_id`                    varchar(255) NOT NULL,
    `plan_nickname`              varchar(50)  NOT NULL,
    `plan_interval`              varchar(50)  NOT NULL,
    `plan_amount`                int          NOT NULL,
    `plan_currency`              varchar(191) NOT NULL,
    PRIMARY KEY (`id`),
    UNIQUE KEY `members_stripe_customers_subscriptions_subscription_id_unique` (`subscription_id`),
    KEY                          `members_stripe_customers_subscriptions_customer_id_foreign` (`customer_id`),
    KEY                          `mscs_ghost_subscription_id_foreign` (`ghost_subscription_id`),
    KEY                          `members_stripe_customers_subscriptions_stripe_price_id_index` (`stripe_price_id`),
    KEY                          `members_stripe_customers_subscriptions_offer_id_foreign` (`offer_id`),
    CONSTRAINT `members_stripe_customers_subscriptions_customer_id_foreign` FOREIGN KEY (`customer_id`) REFERENCES `members_stripe_customers` (`customer_id`) ON DELETE CASCADE,
    CONSTRAINT `members_stripe_customers_subscriptions_offer_id_foreign` FOREIGN KEY (`offer_id`) REFERENCES `offers` (`id`),
    CONSTRAINT `mscs_ghost_subscription_id_foreign` FOREIGN KEY (`ghost_subscription_id`) REFERENCES `subscriptions` (`id`) ON DELETE CASCADE
) ENGINE=InnoDB DEFAULT CHARSET=utf8mb4 COLLATE=utf8mb4_0900_ai_ci;
/*!40101 SET character_set_client = @saved_cs_client */;

--
-- Dumping data for table `members_stripe_customers_subscriptions`
--

LOCK
TABLES `members_stripe_customers_subscriptions` WRITE;
/*!40000 ALTER TABLE `members_stripe_customers_subscriptions` DISABLE KEYS */;
/*!40000 ALTER TABLE `members_stripe_customers_subscriptions` ENABLE KEYS */;
UNLOCK
TABLES;

--
-- Table structure for table `members_subscribe_events`
--

DROP TABLE IF EXISTS `members_subscribe_events`;
/*!40101 SET @saved_cs_client     = @@character_set_client */;
/*!50503 SET character_set_client = utf8mb4 */;
CREATE TABLE `members_subscribe_events`
(
    `id`            varchar(24) NOT NULL,
    `member_id`     varchar(24) NOT NULL,
    `subscribed`    tinyint(1) NOT NULL DEFAULT '1',
    `created_at`    datetime    NOT NULL,
    `source`        varchar(50) DEFAULT NULL,
    `newsletter_id` varchar(24) DEFAULT NULL,
    PRIMARY KEY (`id`),
    KEY             `members_subscribe_events_member_id_foreign` (`member_id`),
    KEY             `members_subscribe_events_newsletter_id_foreign` (`newsletter_id`),
    CONSTRAINT `members_subscribe_events_member_id_foreign` FOREIGN KEY (`member_id`) REFERENCES `members` (`id`) ON DELETE CASCADE,
    CONSTRAINT `members_subscribe_events_newsletter_id_foreign` FOREIGN KEY (`newsletter_id`) REFERENCES `newsletters` (`id`)
) ENGINE=InnoDB DEFAULT CHARSET=utf8mb4 COLLATE=utf8mb4_0900_ai_ci;
/*!40101 SET character_set_client = @saved_cs_client */;

--
-- Dumping data for table `members_subscribe_events`
--

LOCK
TABLES `members_subscribe_events` WRITE;
/*!40000 ALTER TABLE `members_subscribe_events` DISABLE KEYS */;
/*!40000 ALTER TABLE `members_subscribe_events` ENABLE KEYS */;
UNLOCK
TABLES;

--
-- Table structure for table `members_subscription_created_events`
--

DROP TABLE IF EXISTS `members_subscription_created_events`;
/*!40101 SET @saved_cs_client     = @@character_set_client */;
/*!50503 SET character_set_client = utf8mb4 */;
CREATE TABLE `members_subscription_created_events`
(
    `id`               varchar(24) NOT NULL,
    `created_at`       datetime    NOT NULL,
    `member_id`        varchar(24) NOT NULL,
    `subscription_id`  varchar(24) NOT NULL,
    `attribution_id`   varchar(24)   DEFAULT NULL,
    `attribution_type` varchar(50)   DEFAULT NULL,
    `attribution_url`  varchar(2000) DEFAULT NULL,
    `referrer_source`  varchar(191)  DEFAULT NULL,
    `referrer_medium`  varchar(191)  DEFAULT NULL,
    `referrer_url`     varchar(2000) DEFAULT NULL,
    `batch_id`         varchar(24)   DEFAULT NULL,
    PRIMARY KEY (`id`),
    KEY                `members_subscription_created_events_member_id_foreign` (`member_id`),
    KEY                `members_subscription_created_events_subscription_id_foreign` (`subscription_id`),
    KEY                `members_subscription_created_events_attribution_id_index` (`attribution_id`),
    CONSTRAINT `members_subscription_created_events_member_id_foreign` FOREIGN KEY (`member_id`) REFERENCES `members` (`id`) ON DELETE CASCADE,
    CONSTRAINT `members_subscription_created_events_subscription_id_foreign` FOREIGN KEY (`subscription_id`) REFERENCES `members_stripe_customers_subscriptions` (`id`) ON DELETE CASCADE
) ENGINE=InnoDB DEFAULT CHARSET=utf8mb4 COLLATE=utf8mb4_0900_ai_ci;
/*!40101 SET character_set_client = @saved_cs_client */;

--
-- Dumping data for table `members_subscription_created_events`
--

LOCK
TABLES `members_subscription_created_events` WRITE;
/*!40000 ALTER TABLE `members_subscription_created_events` DISABLE KEYS */;
/*!40000 ALTER TABLE `members_subscription_created_events` ENABLE KEYS */;
UNLOCK
TABLES;

--
-- Table structure for table `mentions`
--

DROP TABLE IF EXISTS `mentions`;
/*!40101 SET @saved_cs_client     = @@character_set_client */;
/*!50503 SET character_set_client = utf8mb4 */;
CREATE TABLE `mentions`
(
    `id`                    varchar(24)   NOT NULL,
    `source`                varchar(2000) NOT NULL,
    `source_title`          varchar(2000) DEFAULT NULL,
    `source_site_title`     varchar(2000) DEFAULT NULL,
    `source_excerpt`        varchar(2000) DEFAULT NULL,
    `source_author`         varchar(2000) DEFAULT NULL,
    `source_featured_image` varchar(2000) DEFAULT NULL,
    `source_favicon`        varchar(2000) DEFAULT NULL,
    `target`                varchar(2000) NOT NULL,
    `resource_id`           varchar(24)   DEFAULT NULL,
    `resource_type`         varchar(50)   DEFAULT NULL,
    `created_at`            datetime      NOT NULL,
    `payload`               text,
    `deleted`               tinyint(1) NOT NULL DEFAULT '0',
    `verified`              tinyint(1) NOT NULL DEFAULT '0',
    PRIMARY KEY (`id`)
) ENGINE=InnoDB DEFAULT CHARSET=utf8mb4 COLLATE=utf8mb4_0900_ai_ci;
/*!40101 SET character_set_client = @saved_cs_client */;

--
-- Dumping data for table `mentions`
--

LOCK
TABLES `mentions` WRITE;
/*!40000 ALTER TABLE `mentions` DISABLE KEYS */;
/*!40000 ALTER TABLE `mentions` ENABLE KEYS */;
UNLOCK
TABLES;

--
-- Table structure for table `migrations`
--

DROP TABLE IF EXISTS `migrations`;
/*!40101 SET @saved_cs_client     = @@character_set_client */;
/*!50503 SET character_set_client = utf8mb4 */;
CREATE TABLE `migrations`
(
    `id`             int unsigned NOT NULL AUTO_INCREMENT,
    `name`           varchar(120) NOT NULL,
    `version`        varchar(70)  NOT NULL,
    `currentVersion` varchar(255) DEFAULT NULL,
    PRIMARY KEY (`id`),
    UNIQUE KEY `migrations_name_version_unique` (`name`,`version`)
) ENGINE=InnoDB AUTO_INCREMENT=313 DEFAULT CHARSET=utf8mb4 COLLATE=utf8mb4_0900_ai_ci;
/*!40101 SET character_set_client = @saved_cs_client */;

--
-- Dumping data for table `migrations`
--

LOCK
TABLES `migrations` WRITE;
/*!40000 ALTER TABLE `migrations` DISABLE KEYS */;
INSERT INTO `migrations` (`id`, `name`, `version`, `currentVersion`)
VALUES (1, '1-create-tables.js', 'init', '5.81'),
       (2, '2-create-fixtures.js', 'init', '5.81'),
       (3, '01-final-v1.js', '1.25', '5.81'),
       (4, '02-noop.js', '1.25', '5.81'),
       (5, '01-final-v2.js', '2.37', '5.81'),
       (6, '01-final-v3.js', '3.41', '5.81'),
       (7, '01-update-mobiledoc.js', '4.0', '5.81'),
       (8, '02-add-status-column-to-members.js', '4.0', '5.81'),
       (9, '03-populate-status-column-for-members.js', '4.0', '5.81'),
       (10, '04-drop-apps-related-tables.js', '4.0', '5.81'),
       (11, '05-add-members-subscribe-events-table.js', '4.0', '5.81'),
       (12, '06-populate-members-subscribe-events-table.js', '4.0', '5.81'),
       (13, '07-alter-unique-constraint-for-posts-slug.js', '4.0', '5.81'),
       (14, '08-add-members-login-events-table.js', '4.0', '5.81'),
       (15, '09-add-members-email-change-events-table.js', '4.0', '5.81'),
       (16, '10-add-members-status-events-table.js', '4.0', '5.81'),
       (17, '11-add-members-paid-subscription-events-table.js', '4.0', '5.81'),
       (18, '12-delete-apps-related-settings-keys.js', '4.0', '5.81'),
       (19, '13-add-members-payment-events-table.js', '4.0', '5.81'),
       (20, '14-remove-orphaned-stripe-records.js', '4.0', '5.81'),
       (21, '15-add-frontmatter-column-to-meta.js', '4.0', '5.81'),
       (22, '16-refactor-slack-setting.js', '4.0', '5.81'),
       (23, '17-populate-members-status-events-table.js', '4.0', '5.81'),
       (24, '18-transform-urls-absolute-to-transform-ready.js', '4.0', '5.81'),
       (25, '19-remove-labs-members-setting.js', '4.0', '5.81'),
       (26, '20-refactor-unsplash-setting.js', '4.0', '5.81'),
       (27, '21-sanitize-email-batches-provider-id.js', '4.0', '5.81'),
       (28, '22-solve-orphaned-webhooks.js', '4.0', '5.81'),
       (29, '23-regenerate-posts-html.js', '4.0', '5.81'),
       (30, '24-add-missing-email-permissions.js', '4.0', '5.81'),
       (31, '25-populate-members-paid-subscription-events-table.js', '4.0', '5.81'),
       (32, '26-add-cascade-on-delete.js', '4.0', '5.81'),
       (33, '27-add-primary-key-brute-migrations-lock.js', '4.0', '5.81'),
       (34, '28-add-webhook-intergrations-foreign-key.js', '4.0', '5.81'),
       (35, '29-fix-foreign-key-for-members-stripe-customers-subscriptions.js', '4.0', '5.81'),
       (36, '30-set-default-accent-color.js', '4.0', '5.81'),
       (37, '01-fix-backup-content-permission-typo.js', '4.1', '5.81'),
       (38, '02-add-unique-constraint-for-member-stripe-tables.js', '4.1', '5.81'),
       (39, '01-fix-incorrect-mrr-delta-events.js', '4.2', '5.81'),
       (40, '01-add-products-table.js', '4.3', '5.81'),
       (41, '02-add-members-products-table.js', '4.3', '5.81'),
       (42, '03-add-default-product.js', '4.3', '5.81'),
       (43, '04-attach-members-to-product.js', '4.3', '5.81'),
       (44, '05-add-stripe-products-table.js', '4.3', '5.81'),
       (45, '06-add-stripe-prices-table.js', '4.3', '5.81'),
       (46, '07-add-products-permissions.js', '4.3', '5.81'),
       (47, '08-migrate-members-signup-setting.js', '4.3', '5.81'),
       (48, '09-add-price-id-column-to-subscriptions-table.js', '4.3', '5.81'),
       (49, '10-populate-stripe-price-id-in-subscriptions.js', '4.3', '5.81'),
       (50, '01-restore-free-members-signup-setting-from-backup.js', '4.4', '5.81'),
       (51, '02-migrate-members-signup-access.js', '4.4', '5.81'),
       (52, '01-add-stripe-price-description-column.js', '4.5', '5.81'),
       (53, '02-add-product-description-column.js', '4.5', '5.81'),
       (54, '03-give-label-read-permissions-to-editors.js', '4.5', '5.81'),
       (55, '04-remove-unique-constraint-from-product-name.js', '4.5', '5.81'),
       (56, '05-rename-default-product-to-site-title.js', '4.5', '5.81'),
       (57, '01-remove-comped-status.js', '4.6', '5.81'),
       (58, '01-add-monthly-price-column-to-products.js', '4.7', '5.81'),
       (59, '02-add-yearly-price-column-to-products.js', '4.7', '5.81'),
       (60, '03-add-labs-setting.js', '4.7', '5.81'),
       (61, '01-add-feature-image-alt-column-to-posts-meta.js', '4.8', '5.81'),
       (62, '02-add-feature-image-caption-column-to-posts-meta.js', '4.8', '5.81'),
       (63, '03-add-default-product-portal-products.js', '4.8', '5.81'),
       (64, '04-migrate-show-newsletter-header-setting.js', '4.8', '5.81'),
       (65, '01-add-reset-all-passwords-permission.js', '4.9', '5.81'),
       (66, '02-add-benefits-table.js', '4.9', '5.81'),
       (67, '03-add-products-benefits-table.js', '4.9', '5.81'),
       (68, '04-add-member-segment-to-email-batches.js', '4.9', '5.81'),
       (69, '05-fix-missed-mobiledoc-url-transforms.js', '4.9', '5.81'),
       (70, '06-add-comped-status.js', '4.9', '5.81'),
       (71, '07-update-comped-members-status-events.js', '4.9', '5.81'),
       (72, '01-add-oauth-user-data.js', '4.11', '5.81'),
       (73, '02-add-email-verification-required-setting.js', '4.11', '5.81'),
       (74, '01-add-email-only-column-to-posts-meta-table.js', '4.12', '5.81'),
       (75, '02-fix-member-statuses.js', '4.12', '5.81'),
       (76, '01-add-members-stripe-connect-auth-permission-to-administrators.js', '4.13', '5.81'),
       (77, '02-add-members-products-events-table.js', '4.13', '5.81'),
       (78, '01-fix-comped-member-statuses.js', '4.14', '5.81'),
       (79, '02-fix-free-members-status-events.js', '4.14', '5.81'),
       (80, '01-add-temp-members-analytic-events-table.js', '4.15', '5.81'),
       (81, '01-add-custom-theme-settings-table.js', '4.16', '5.81'),
       (82, '01-add-custom-theme-settings-permissions.js', '4.17', '5.81'),
       (83, '02-add-offers-table.js', '4.17', '5.81'),
       (84, '03-add-offers-permissions.js', '4.17', '5.81'),
       (85, '01-add-active-column-to-offers.js', '4.19', '5.81'),
       (86, '02-add-offer-redemptions-table.js', '4.19', '5.81'),
       (87, '01-remove-offer-redemptions-table.js', '4.20', '5.81'),
       (88, '02-remove-offers-table.js', '4.20', '5.81'),
       (89, '03-add-offers-table.js', '4.20', '5.81'),
       (90, '04-add-offer-redemptions-table.js', '4.20', '5.81'),
       (91, '05-remove-not-null-constraint-from-portal-title.js', '4.20', '5.81'),
       (92, '01-add-is-launch-complete-setting.js', '4.22', '5.81'),
       (93, '02-update-launch-complete-setting-from-user-data.js', '4.22', '5.81'),
       (94, '01-truncate-offer-names.js', '4.23', '5.81'),
       (95, '2022-01-14-11-50-add-type-column-to-products.js', '4.33', '5.81'),
       (96, '2022-01-14-11-51-add-default-free-tier.js', '4.33', '5.81'),
       (97, '2022-01-18-09-07-remove-duplicate-offer-redemptions.js', '4.33', '5.81'),
       (98, '2022-01-19-10-43-add-active-column-to-products-table.js', '4.33', '5.81'),
       (99, '2022-01-25-13-53-add-welcome-page-url-column-to-products.js', '4.34', '5.81'),
       (100, '2022-01-20-05-55-add-post-products-table.js', '4.35', '5.81'),
       (101, '2022-01-30-15-17-set-welcome-page-url-from-settings.js', '4.35', '5.81'),
       (102, '2022-02-01-11-48-update-email-recipient-filter-column-type.js', '4.35', '5.81'),
       (103, '2022-02-01-12-03-update-recipient-filter-column-type.js', '4.35', '5.81'),
       (104, '2022-02-02-10-38-add-default-content-visibility-tiers-setting.js', '4.35', '5.81'),
       (105, '2022-02-02-13-10-transform-specific-tiers-default-content-visibility.js', '4.35', '5.81'),
       (106, '2022-02-04-04-34-populate-empty-portal-products.js', '4.35', '5.81'),
       (107, '2022-02-07-14-34-add-last-seen-at-column-to-members.js', '4.36', '5.81'),
       (108, '2022-02-21-09-53-backfill-members-last-seen-at-column.js', '4.37', '5.81'),
       (109, '2022-03-01-08-46-add-visibility-to-tiers.js', '4.38', '5.81'),
       (110, '2022-03-03-16-12-add-visibility-to-tiers.js', '4.38', '5.81'),
       (111, '2022-03-03-16-17-drop-tiers-visible-column.js', '4.38', '5.81'),
       (112, '2022-03-07-10-57-update-free-products-visibility-column.js', '4.39', '5.81'),
       (113, '2022-03-07-10-57-update-products-visibility-column.js', '4.39', '5.81'),
       (114, '2022-03-07-14-37-add-members-cancel-events-table.js', '4.40', '5.81'),
       (115, '2022-03-15-06-40-add-offers-admin-integration-permission-roles.js', '4.40', '5.81'),
       (116, '2022-03-15-06-40-add-tiers-admin-integration-permission-roles.js', '4.40', '5.81'),
       (117, '2022-03-21-17-17-add.js', '4.42', '5.81'),
       (118, '2022-03-30-15-44-add-newsletter-permissions.js', '4.42', '5.81'),
       (119, '2022-03-28-19-26-recreate-newsletter-table.js', '4.43', '5.81'),
       (120, '2022-03-29-14-45-add-members-newsletters-table.js', '4.43', '5.81'),
       (121, '2022-04-01-10-13-add-post-newsletter-relation.js', '4.43', '5.81'),
       (122, '2022-04-06-09-47-add-type-column-to-paid-subscription-events.js', '4.43', '5.81'),
       (123, '2022-04-06-14-56-add-email-newsletter-relation.js', '4.43', '5.81'),
       (124, '2022-04-08-10-45-add-subscription-id-to-mrr-events.js', '4.43', '5.81'),
       (125, '2022-04-06-15-22-populate-type-column-for-paid-subscription-events.js', '4.44', '5.81'),
       (126, '2022-04-08-11-54-add-cancelled-events.js', '4.44', '5.81'),
       (127, '2022-04-11-08-24-add-newsletter-permissions.js', '4.44', '5.81'),
       (128, '2022-04-11-10-54-add-mrr-to-subscriptions.js', '4.44', '5.81'),
       (129, '2022-04-12-07-33-fill-mrr.js', '4.44', '5.81'),
       (130, '2022-04-13-12-00-remove-newsletter-sender-name-not-null-constraint.js', '4.44', '5.81'),
       (131, '2022-04-15-07-53-add-offer-id-to-subscriptions.js', '4.44', '5.81'),
       (132, '2022-04-19-12-23-backfill-subscriptions-offers.js', '4.45', '5.81'),
       (133, '2022-04-20-11-25-add-newsletter-read-permission.js', '4.45', '5.81'),
       (134, '2022-04-21-02-55-add-notifications-key-entry-to-settings-table.js', '4.45', '5.81'),
       (135, '2022-04-13-12-00-add-created-at-newsletters.js', '4.46', '5.81'),
       (136, '2022-04-13-12-01-add-updated-at-newsletters.js', '4.46', '5.81'),
       (137, '2022-04-13-12-02-fill-created-at-newsletters.js', '4.46', '5.81'),
       (138, '2022-04-13-12-03-drop-nullable-created-at-newsletters.js', '4.46', '5.81'),
       (139, '2022-04-13-12-08-newsletters-show-header-name.js', '4.46', '5.81'),
       (140, '2022-04-13-12-57-add-uuid-column-to-newsletters.js', '4.46', '5.81'),
       (141, '2022-04-13-12-58-fill-uuid-for-newsletters.js', '4.46', '5.81'),
       (142, '2022-04-13-12-59-drop-nullable-uuid-newsletters.js', '4.46', '5.81'),
       (143, '2022-04-13-13-00-add-default-newsletter.js', '4.46', '5.81'),
       (144, '2022-04-20-08-39-map-subscribers-to-default-newsletter.js', '4.46', '5.81'),
       (145, '2022-04-22-07-43-add-newsletter-id-to-subscribe-events.js', '4.46', '5.81'),
       (146, '2022-04-27-07-59-set-newsletter-id-subscribe-events.js', '4.46', '5.81'),
       (147, '2022-05-03-15-30-update-newsletter-sending-options.js', '4.47', '5.81'),
       (148, '2022-05-04-10-03-transform-newsletter-header-image.js', '4.47', '5.81'),
       (149, '2022-03-14-12-33-delete-duplicate-offer-redemptions.js', '5.0', '5.81'),
       (150, '2022-03-28-15-25-backfill-mrr-adjustments-for-offers.js', '5.0', '5.81'),
       (151, '2022-04-25-10-32-backfill-mrr-for-discounted-subscriptions.js', '5.0', '5.81'),
       (152, '2022-04-26-15-44-backfill-mrr-events-for-canceled-subscriptions.js', '5.0', '5.81'),
       (153, '2022-04-27-11-26-backfill-mrr-for-canceled-subscriptions.js', '5.0', '5.81'),
       (154, '2022-04-28-03-26-remove-author-id-column-from-posts-table.js', '5.0', '5.81'),
       (155, '2022-05-03-09-39-drop-nullable-subscribe-event-newsletter-id.js', '5.0', '5.81'),
       (156, '2022-05-04-15-24-map-existing-emails-to-default-newsletter.js', '5.0', '5.81'),
       (157, '2022-05-05-13-13-migrate-legacy-recipient-filters.js', '5.0', '5.81'),
       (158, '2022-05-05-13-29-add-newsletters-admin-integration-permission-roles.js', '5.0', '5.81'),
       (159, '2022-05-05-15-17-drop-oauth-table.js', '5.0', '5.81'),
       (160, '2022-05-06-08-16-cleanup-client-subscriber-permissions.js', '5.0', '5.81'),
       (161, '2022-05-06-13-22-add-frontend-integration.js', '5.0', '5.81'),
       (162, '2022-05-09-10-00-drop-members-subscribed-column.js', '5.0', '5.81'),
       (163, '2022-05-09-14-17-cleanup-invalid-users-status.js', '5.0', '5.81'),
       (164, '2022-05-10-08-33-drop-members-analytics-table.js', '5.0', '5.81'),
       (165, '2022-05-10-14-57-cleanup-invalid-posts-status.js', '5.0', '5.81'),
       (166, '2022-05-11-12-08-drop-webhooks-status-column.js', '5.0', '5.81'),
       (167, '2022-05-11-13-12-rename-settings.js', '5.0', '5.81'),
       (168, '2022-05-11-16-36-remove-unused-settings.js', '5.0', '5.81'),
       (169, '2022-05-12-10-29-add-newsletter-permissions-for-editors-and-authors.js', '5.0', '5.81'),
       (170, '2022-05-12-13-51-add-label-permissions-for-authors.js', '5.0', '5.81'),
       (171, '2022-05-13-11-38-drop-none-email-recipient-filter.js', '5.0', '5.81'),
       (172, '2022-05-21-00-00-regenerate-posts-html.js', '5.0', '5.81'),
       (173, '2022-07-04-13-49-add-comments-table.js', '5.3', '5.81'),
       (174, '2022-07-05-09-36-add-comments-likes-table.js', '5.3', '5.81'),
       (175, '2022-07-05-09-47-add-comments-reports-table.js', '5.3', '5.81'),
       (176, '2022-07-05-10-00-add-comment-related-fields-to-members.js', '5.3', '5.81'),
       (177, '2022-07-05-12-55-add-comments-crud-permissions.js', '5.3', '5.81'),
       (178, '2022-07-05-15-35-add-comment-notifications-field-to-users-table.js', '5.3', '5.81'),
       (179, '2022-07-06-07-26-add-comments-enabled-setting.js', '5.3', '5.81'),
       (180, '2022-07-06-07-58-add-ghost-explore-integration-role.js', '5.3', '5.81'),
       (181, '2022-07-06-09-13-add-ghost-explore-integration-role-permissions.js', '5.3', '5.81'),
       (182, '2022-07-06-09-17-add-ghost-explore-integration.js', '5.3', '5.81'),
       (183, '2022-07-06-09-26-add-ghost-explore-integration-api-key.js', '5.3', '5.81'),
       (184, '2022-07-18-14-29-add-comment-reporting-permissions.js', '5.5', '5.81'),
       (185, '2022-07-18-14-31-drop-reports-reason.js', '5.5', '5.81'),
       (186, '2022-07-18-14-32-drop-nullable-member-id-from-likes.js', '5.5', '5.81'),
       (187, '2022-07-18-14-33-fix-comments-on-delete-foreign-keys.js', '5.5', '5.81'),
       (188, '2022-07-21-08-56-add-jobs-table.js', '5.5', '5.81'),
       (189, '2022-07-27-13-40-change-explore-type.js', '5.6', '5.81'),
       (190, '2022-08-02-06-09-add-trial-period-days-column-to-tiers.js', '5.8', '5.81'),
       (191, '2022-08-03-15-28-add-trial-start-column-to-stripe-subscriptions.js', '5.8', '5.81'),
       (192, '2022-08-03-15-29-add-trial-end-column-to-stripe-subscriptions.js', '5.8', '5.81'),
       (193, '2022-08-09-08-32-added-new-integration-type.js', '5.9', '5.81'),
       (194, '2022-08-15-05-34-add-expiry-at-column-to-members-products.js', '5.10', '5.81'),
       (195, '2022-08-16-14-25-add-member-created-events-table.js', '5.10', '5.81'),
       (196, '2022-08-16-14-25-add-subscription-created-events-table.js', '5.10', '5.81'),
       (197, '2022-08-19-14-15-fix-comments-deletion-strategy.js', '5.10', '5.81'),
       (198, '2022-08-22-11-03-add-member-alert-settings-columns-to-users.js', '5.11', '5.81'),
       (199, '2022-08-23-13-41-backfill-members-created-events.js', '5.11', '5.81'),
       (200, '2022-08-23-13-59-fix-page-resource-type.js', '5.11', '5.81'),
       (201, '2022-09-02-12-55-rename-members-bio-to-expertise.js', '5.14', '5.81'),
       (202, '2022-09-12-16-10-add-posts-lexical-column.js', '5.15', '5.81'),
       (203, '2022-09-14-12-46-add-email-track-clicks-setting.js', '5.15', '5.81'),
       (204, '2022-09-16-08-22-add-post-revisions-table.js', '5.15', '5.81'),
       (205, '2022-09-19-09-04-add-link-redirects-table.js', '5.16', '5.81'),
       (206, '2022-09-19-09-05-add-members-link-click-events-table.js', '5.16', '5.81'),
       (207, '2022-09-19-17-44-add-referrer-columns-to-member-events-table.js', '5.16', '5.81'),
       (208, '2022-09-19-17-44-add-referrer-columns-to-subscription-events-table.js', '5.16', '5.81'),
       (209, '2022-09-27-13-53-remove-click-tracking-tables.js', '5.17', '5.81'),
       (210, '2022-09-27-13-55-add-redirects-table.js', '5.17', '5.81'),
       (211, '2022-09-27-13-56-add-members-click-events-table.js', '5.17', '5.81'),
       (212, '2022-09-27-16-49-set-track-clicks-based-on-opens.js', '5.17', '5.81'),
       (213, '2022-09-29-12-39-add-track-clicks-column-to-emails.js', '5.17', '5.81'),
       (214, '2022-09-02-20-25-add-columns-to-products-table.js', '5.19', '5.81'),
       (215, '2022-09-02-20-52-backfill-new-product-columns.js', '5.19', '5.81'),
       (216, '2022-10-10-06-58-add-subscriptions-table.js', '5.19', '5.81'),
       (217, '2022-10-10-10-05-add-members-feedback-table.js', '5.19', '5.81'),
       (218, '2022-10-11-10-38-add-feedback-enabled-column-to-newsletters.js', '5.19', '5.81'),
       (219, '2022-10-18-05-39-drop-nullable-tier-id.js', '5.20', '5.81'),
       (220, '2022-10-18-10-13-add-ghost-subscription-id-column-to-mscs.js', '5.20', '5.81'),
       (221, '2022-10-19-11-17-add-link-browse-permissions.js', '5.20', '5.81'),
       (222, '2022-10-20-02-52-add-link-edit-permissions.js', '5.20', '5.81'),
       (223, '2022-10-24-07-23-disable-feedback-enabled.js', '5.21', '5.81'),
       (224, '2022-10-25-12-05-backfill-missed-products-columns.js', '5.21', '5.81'),
       (225, '2022-10-26-04-49-add-batch-id-members-created-events.js', '5.21', '5.81'),
       (226, '2022-10-26-04-49-add-batch-id-subscription-created-events.js', '5.21', '5.81'),
       (227, '2022-10-26-04-50-member-subscription-created-batch-id.js', '5.21', '5.81'),
       (228, '2022-10-26-09-32-add-feedback-enabled-column-to-emails.js', '5.21', '5.81'),
       (229, '2022-10-27-09-50-add-member-track-source-setting.js', '5.21', '5.81'),
       (230, '2022-10-31-12-03-backfill-new-product-columns.js', '5.22', '5.81'),
       (231, '2022-11-21-09-32-add-source-columns-to-emails-table.js', '5.24', '5.81'),
       (232, '2022-11-21-15-03-populate-source-column-with-html-for-emails.js', '5.24', '5.81'),
       (233, '2022-11-21-15-57-add-error-columns-for-email-batches.js', '5.24', '5.81'),
       (234, '2022-11-24-10-36-add-suppressions-table.js', '5.25', '5.81'),
       (235, '2022-11-24-10-37-add-email-spam-complaint-events-table.js', '5.25', '5.81'),
       (236, '2022-11-29-08-30-add-error-recipient-failures-table.js', '5.25', '5.81'),
       (237, '2022-12-13-16-15-add-usage-colums-to-tokens.js', '5.27', '5.81'),
       (238, '2023-01-04-04-12-drop-suppressions-table.js', '5.27', '5.81'),
       (239, '2023-01-04-04-13-add-suppressions-table.js', '5.27', '5.81'),
       (240, '2023-01-05-15-13-add-active-theme-permissions.js', '5.28', '5.81'),
       (241, '2023-01-11-02-45-truncate-suppressions.js', '5.29', '5.81'),
       (242, '2023-01-13-04-25-unsubscribe-suppressed-emails.js', '5.30', '5.81'),
       (243, '2022-12-05-09-56-update-newsletter-subscriptions.js', '5.31', '5.81'),
       (244, '2023-01-17-14-59-add-outbound-link-tagging-setting.js', '5.31', '5.81'),
       (245, '2023-01-19-07-46-add-mentions-table.js', '5.31', '5.81'),
       (246, '2023-01-24-08-00-fix-invalid-tier-expiry-for-paid-members.js', '5.32', '5.81'),
       (247, '2023-01-24-08-09-restore-incorrect-expired-tiers-for-members.js', '5.32', '5.81'),
       (248, '2023-01-30-07-27-add-mentions-permission.js', '5.34', '5.81'),
       (249, '2023-02-08-03-08-add-mentions-notifications-column.js', '5.34', '5.81'),
       (250, '2023-02-08-22-32-add-mentions-delete-column.js', '5.34', '5.81'),
       (251, '2023-02-13-06-24-add-mentions-verified-column.js', '5.35', '5.81'),
       (252, '2023-02-20-12-22-add-milestones-table.js', '5.36', '5.81'),
       (253, '2023-02-21-12-29-add-milestone-notifications-column.js', '5.36', '5.81'),
       (254, '2023-02-23-10-40-set-outbound-link-tagging-based-on-source-tracking.js', '5.36', '5.81'),
       (255, '2023-03-13-09-29-add-newsletter-show-post-title-section.js', '5.39', '5.81'),
       (256, '2023-03-13-13-11-add-newsletter-show-comment-cta.js', '5.39', '5.81'),
       (257, '2023-03-13-14-30-add-newsletter-show-subscription-details.js', '5.39', '5.81'),
       (258, '2023-03-14-12-26-add-last-mentions-email-report-timestamp-setting.js', '5.39', '5.81'),
       (259, '2023-03-13-14-05-add-newsletter-show-latest-posts.js', '5.40', '5.81'),
       (260, '2023-03-21-18-42-add-self-serve-integration-role.js', '5.40', '5.81'),
       (261, '2023-03-21-18-43-add-self-serve-migration-and-permissions.js', '5.40', '5.81'),
       (262, '2023-03-21-18-52-add-self-serve-integration.js', '5.40', '5.81'),
       (263, '2023-03-21-19-02-add-self-serve-integration-api-key.js', '5.40', '5.81'),
       (264, '2023-03-27-15-00-add-newsletter-colors.js', '5.41', '5.81'),
       (265, '2023-03-27-17-51-fix-self-serve-integration-api-key-type.js', '5.41', '5.81'),
       (266, '2023-04-04-07-03-add-portal-terms-settings.js', '5.42', '5.81'),
       (267, '2023-04-14-04-17-add-snippets-lexical-column.js', '5.44', '5.81'),
       (268, '2023-04-17-11-05-add-post-revision-author.js', '5.45', '5.81'),
       (269, '2023-04-18-12-56-add-announcement-settings.js', '5.45', '5.81'),
       (270, '2023-04-19-13-45-add-pintura-settings.js', '5.45', '5.81'),
       (271, '2023-04-20-14-19-add-announcement-visibility-setting.js', '5.45', '5.81'),
       (272, '2023-04-21-08-54-add-post-revision-status.js', '5.45', '5.81'),
       (273, '2023-04-21-10-30-add-feature-image-to-revisions.js', '5.45', '5.81'),
       (274, '2023-04-21-13-01-add-feature-image-meta-to-post-revisions.js', '5.45', '5.81'),
       (275, '2023-05-30-19-03-update-pintura-setting.js', '5.51', '5.81'),
       (276, '2023-06-07-10-17-add-collections-crud-persmissions.js', '5.51', '5.81'),
       (277, '2023-06-13-12-24-add-temp-mail-events-table.js', '5.53', '5.81'),
       (278, '2023-06-20-10-18-add-collections-table.js', '5.53', '5.81'),
       (279, '2023-06-20-10-19-add-collections-posts-table.js', '5.53', '5.81'),
       (280, '2023-07-07-11-57-add-show-title-and-feature-image-column-to-posts.js', '5.54', '5.81'),
       (281, '2023-07-10-05-15-55-add-built-in-collections.js', '5.55', '5.81'),
       (282, '2023-07-10-05-16-55-add-built-in-collection-posts.js', '5.55', '5.81'),
       (283, '2023-07-14-10-11-12-add-email-disabled-field-to-members.js', '5.56', '5.81'),
       (284, '2023-07-15-10-11-12-update-members-email-disabled-field.js', '5.56', '5.81'),
       (285, '2023-07-26-12-44-stripe-products-nullable-product.js', '5.57', '5.81'),
       (286, '2023-07-27-11-47-49-create-donation-events.js', '5.57', '5.81'),
       (287, '2023-08-02-09-42-add-donation-settings.js', '5.58', '5.81'),
       (288, '2023-08-07-10-42-add-donation-notifications-column.js', '5.59', '5.81'),
       (289, '2023-08-07-11-17-05-add-posts-published-at-index.js', '5.59', '5.81'),
       (290, '2023-08-29-10-17-add-recommendations-crud-permissions.js', '5.61', '5.81'),
       (291, '2023-08-29-11-39-10-add-recommendations-table.js', '5.61', '5.81'),
       (292, '2023-08-30-07-37-04-add-recommendations-enabled-settings.js', '5.61', '5.81'),
       (293, '2023-09-12-11-22-10-add-recommendation-click-events-table.js', '5.63', '5.81'),
       (294, '2023-09-12-11-22-11-add-recommendation-subscribe-events-table.js', '5.63', '5.81'),
       (295, '2023-09-13-13-03-10-add-ghost-core-content-integration.js', '5.63', '5.81'),
       (296, '2023-09-13-13-34-11-add-ghost-core-content-integration-key.js', '5.63', '5.81'),
       (297, '2023-09-19-04-25-40-truncate-stale-built-in-collections-posts.js', '5.64', '5.81'),
       (298, '2023-09-19-04-34-10-repopulate-built-in-collection-posts.js', '5.64', '5.81'),
       (299, '2023-09-22-06-42-15-truncate-stale-built-in-collections-posts.js', '5.65', '5.81'),
       (300, '2023-09-22-06-42-55-repopulate-built-in-featured-collection-posts.js', '5.65', '5.81'),
       (301, '2023-09-22-14-15-add-recommendation-notifications-column.js', '5.66', '5.81'),
       (302, '2023-10-03-00-32-32-rollback-source-theme.js', '5.67', '5.81'),
       (303, '2023-10-06-15-06-00-rename-recommendations-reason-to-description.js', '5.69', '5.81'),
       (304, '2023-10-31-11-06-00-members-created-attribution-id-index.js', '5.72', '5.81'),
       (305, '2023-10-31-11-06-01-members-subscription-created-attribution-id-index.js', '5.72', '5.81'),
       (306, '2023-11-14-11-15-00-add-transient-id-column-nullable.js', '5.74', '5.81'),
       (307, '2023-11-14-11-16-00-fill-transient-id-column.js', '5.74', '5.81'),
       (308, '2023-11-14-11-17-00-drop-nullable-transient-id-column.js', '5.74', '5.81'),
       (309, '2023-11-27-15-55-add-members-newsletters-index.js', '5.75', '5.81'),
       (310, '2023-12-05-11-00-add-portal-default-plan-setting.js', '5.76', '5.81'),
       (311, '2024-01-30-19-36-44-fix-discrepancy-in-free-tier-visibility.js', '5.79', '5.81'),
       (312, '2024-03-18-16-20-add-missing-post-permissions.js', '5.81', '5.81');
/*!40000 ALTER TABLE `migrations` ENABLE KEYS */;
UNLOCK
TABLES;

--
-- Table structure for table `migrations_lock`
--

DROP TABLE IF EXISTS `migrations_lock`;
/*!40101 SET @saved_cs_client     = @@character_set_client */;
/*!50503 SET character_set_client = utf8mb4 */;
CREATE TABLE `migrations_lock`
(
    `lock_key`    varchar(191) NOT NULL,
    `locked`      tinyint(1) DEFAULT '0',
    `acquired_at` datetime DEFAULT NULL,
    `released_at` datetime DEFAULT NULL,
    PRIMARY KEY (`lock_key`)
) ENGINE=InnoDB DEFAULT CHARSET=utf8mb4 COLLATE=utf8mb4_0900_ai_ci;
/*!40101 SET character_set_client = @saved_cs_client */;

--
-- Dumping data for table `migrations_lock`
--

LOCK
TABLES `migrations_lock` WRITE;
/*!40000 ALTER TABLE `migrations_lock` DISABLE KEYS */;
INSERT INTO `migrations_lock` (`lock_key`, `locked`, `acquired_at`, `released_at`)
VALUES ('km01', 0, '2025-01-09 14:18:39', '2025-01-09 14:19:00');
/*!40000 ALTER TABLE `migrations_lock` ENABLE KEYS */;
UNLOCK
TABLES;

--
-- Table structure for table `milestones`
--

DROP TABLE IF EXISTS `milestones`;
/*!40101 SET @saved_cs_client     = @@character_set_client */;
/*!50503 SET character_set_client = utf8mb4 */;
CREATE TABLE `milestones`
(
    `id`            varchar(24) NOT NULL,
    `type`          varchar(24) NOT NULL,
    `value`         int         NOT NULL,
    `currency`      varchar(24) DEFAULT NULL,
    `created_at`    datetime    NOT NULL,
    `email_sent_at` datetime    DEFAULT NULL,
    PRIMARY KEY (`id`)
) ENGINE=InnoDB DEFAULT CHARSET=utf8mb4 COLLATE=utf8mb4_0900_ai_ci;
/*!40101 SET character_set_client = @saved_cs_client */;

--
-- Dumping data for table `milestones`
--

LOCK
TABLES `milestones` WRITE;
/*!40000 ALTER TABLE `milestones` DISABLE KEYS */;
INSERT INTO `milestones` (`id`, `type`, `value`, `currency`, `created_at`, `email_sent_at`)
VALUES ('677fdadf2a03ec000191a2a9', 'members', 0, NULL, '2025-01-09 14:19:11', NULL);
/*!40000 ALTER TABLE `milestones` ENABLE KEYS */;
UNLOCK
TABLES;

--
-- Table structure for table `mobiledoc_revisions`
--

DROP TABLE IF EXISTS `mobiledoc_revisions`;
/*!40101 SET @saved_cs_client     = @@character_set_client */;
/*!50503 SET character_set_client = utf8mb4 */;
CREATE TABLE `mobiledoc_revisions`
(
    `id`            varchar(24) NOT NULL,
    `post_id`       varchar(24) NOT NULL,
    `mobiledoc`     longtext,
    `created_at_ts` bigint      NOT NULL,
    `created_at`    datetime    NOT NULL,
    PRIMARY KEY (`id`),
    KEY             `mobiledoc_revisions_post_id_index` (`post_id`)
) ENGINE=InnoDB DEFAULT CHARSET=utf8mb4 COLLATE=utf8mb4_0900_ai_ci;
/*!40101 SET character_set_client = @saved_cs_client */;

--
-- Dumping data for table `mobiledoc_revisions`
--

LOCK
TABLES `mobiledoc_revisions` WRITE;
/*!40000 ALTER TABLE `mobiledoc_revisions` DISABLE KEYS */;
INSERT INTO `mobiledoc_revisions` (`id`, `post_id`, `mobiledoc`, `created_at_ts`, `created_at`)
VALUES ('677fded32a03ec000191a2aa', '677fdad32a03ec000191a0d0',
        '{\"version\":\"0.3.1\",\"atoms\":[],\"cards\":[[\"hr\",{}]],\"markups\":[[\"a\",[\"href\",\"https://ghost.org\"]]],\"sections\":[[1,\"p\",[[0,[],0,\"This is an independent publication. If you subscribe today, you\'ll get full access to the website as well as email newsletters about new content when it\'s available. Your subscription makes this site possible. Thank you!\"]]],[1,\"h3\",[[0,[],0,\"Access all areas\"]]],[1,\"p\",[[0,[],0,\"By signing up, you\'ll get access to the full archive of everything that\'s been published before and everything that\'s still to come. Your very own private library.\"]]],[1,\"h3\",[[0,[],0,\"Fresh content, delivered\"]]],[1,\"p\",[[0,[],0,\"Stay up to date with new content sent straight to your inbox! No more worrying about whether you missed something because of a pesky algorithm or news feed.\"]]],[1,\"h3\",[[0,[],0,\"Meet people like you\"]]],[1,\"p\",[[0,[],0,\"Join a community of other subscribers who share the same interests.\"]]],[10,0],[1,\"h3\",[[0,[],0,\"Start your own thing\"]]],[1,\"p\",[[0,[],0,\"Enjoying the experience? Get started for free and set up your very own subscription business using \"],[0,[0],1,\"Ghost\"],[0,[],0,\", the same platform that powers this website.\"]]]],\"ghostVersion\":\"4.0\"}',1736433363561,'2025-01-09 14:36:03'),('677fded32a03ec000191a2ab','677fdad32a03ec000191a0d0','{\"version\":\"0.3.1\",\"atoms\":[],\"cards\":[[\"hr\",{}]],\"markups\":[[\"a\",[\"href\",\"https://ghost.org\"]]],\"sections\":[[1,\"p\",[[0,[],0,\"The daily awesome is an independent publication launched in January 2025 by Blog Boss. If you subscribe today, you\'ll get full access to the website as well as email newsletters about new content when it\'s available. Your subscription makes this site possible, and allows The daily awesome to continue to exist. Thank you!\"]]],[1,\"h3\",[[0,[],0,\"Access all areas\"]]],[1,\"p\",[[0,[],0,\"By signing up, you\'ll get access to the full archive of everything that\'s been published before and everything that\'s still to come. Your very own private library.\"]]],[1,\"h3\",[[0,[],0,\"Fresh content, delivered\"]]],[1,\"p\",[[0,[],0,\"Stay up to date with new content sent straight to your inbox! No more worrying about whether you missed something because of a pesky algorithm or news feed.\"]]],[1,\"h3\",[[0,[],0,\"Meet people like you\"]]],[1,\"p\",[[0,[],0,\"Join a community of other subscribers who share the same interests.\"]]],[10,0],[1,\"h3\",[[0,[],0,\"Start your own thing\"]]],[1,\"p\",[[0,[],0,\"Enjoying the experience? Get started for free and set up your very own subscription business using \"],[0,[0],1,\"Ghost\"],[0,[],0,\", the same platform that powers this website.\"]]]],\"ghostVersion\":\"4.0\"}',1736433363562,'2025-01-09 14:36:03'),('677fded32a03ec000191a2ac','677fdad22a03ec000191a0ce','{\"version\":\"0.3.1\",\"atoms\":[],\"cards\":[],\"markups\":[[\"a\",[\"href\",\"#/portal/\",\"rel\",\"noopener noreferrer\"]]],\"sections\":[[1,\"p\",[[0,[],0,\"This is a brand new site that\'s just getting started. Things will be up and running here shortly, but you can \"],[0,[0],1,\"subscribe\"],[0,[],0,\" in the meantime if you\'d like to stay up to date and receive emails when new content is published!\"]]]],\"ghostVersion\":\"4.0\"}',1736433363854,'2025-01-09 14:36:03'),('677fded42a03ec000191a2ad','677fdad22a03ec000191a0ce','{\"version\":\"0.3.1\",\"atoms\":[],\"cards\":[],\"markups\":[[\"a\",[\"href\",\"#/portal/\"]]],\"sections\":[[1,\"p\",[[0,[],0,\"This is The daily awesome, a brand new site by Blog Boss that\'s just getting started. Things will be up and running here shortly, but you can \"],[0,[0],1,\"subscribe\"],[0,[],0,\" in the meantime if you\'d like to stay up to date and receive emails when new content is published!\"]]]],\"ghostVersion\":\"4.0\"}',1736433363855,'2025-01-09 14:36:04');
/*!40000 ALTER TABLE `mobiledoc_revisions` ENABLE KEYS */;
UNLOCK
TABLES;

--
-- Table structure for table `newsletters`
--

DROP TABLE IF EXISTS `newsletters`;
/*!40101 SET @saved_cs_client     = @@character_set_client */;
/*!50503 SET character_set_client = utf8mb4 */;
CREATE TABLE `newsletters`
(
    `id`                        varchar(24)  NOT NULL,
    `uuid`                      varchar(36)  NOT NULL,
    `name`                      varchar(191) NOT NULL,
    `description`               varchar(2000)         DEFAULT NULL,
    `feedback_enabled`          tinyint(1) NOT NULL DEFAULT '0',
    `slug`                      varchar(191) NOT NULL,
    `sender_name`               varchar(191)          DEFAULT NULL,
    `sender_email`              varchar(191)          DEFAULT NULL,
    `sender_reply_to`           varchar(191) NOT NULL DEFAULT 'newsletter',
    `status`                    varchar(50)  NOT NULL DEFAULT 'active',
    `visibility`                varchar(50)  NOT NULL DEFAULT 'members',
    `subscribe_on_signup`       tinyint(1) NOT NULL DEFAULT '1',
    `sort_order`                int unsigned NOT NULL DEFAULT '0',
    `header_image`              varchar(2000)         DEFAULT NULL,
    `show_header_icon`          tinyint(1) NOT NULL DEFAULT '1',
    `show_header_title`         tinyint(1) NOT NULL DEFAULT '1',
    `title_font_category`       varchar(191) NOT NULL DEFAULT 'sans_serif',
    `title_alignment`           varchar(191) NOT NULL DEFAULT 'center',
    `show_feature_image`        tinyint(1) NOT NULL DEFAULT '1',
    `body_font_category`        varchar(191) NOT NULL DEFAULT 'sans_serif',
    `footer_content`            text,
    `show_badge`                tinyint(1) NOT NULL DEFAULT '1',
    `show_header_name`          tinyint(1) NOT NULL DEFAULT '1',
    `show_post_title_section`   tinyint(1) NOT NULL DEFAULT '1',
    `show_comment_cta`          tinyint(1) NOT NULL DEFAULT '1',
    `show_subscription_details` tinyint(1) NOT NULL DEFAULT '0',
    `show_latest_posts`         tinyint(1) NOT NULL DEFAULT '0',
    `background_color`          varchar(50)  NOT NULL DEFAULT 'light',
    `border_color`              varchar(50)           DEFAULT NULL,
    `title_color`               varchar(50)           DEFAULT NULL,
    `created_at`                datetime     NOT NULL,
    `updated_at`                datetime              DEFAULT NULL,
    PRIMARY KEY (`id`),
    UNIQUE KEY `newsletters_uuid_unique` (`uuid`),
    UNIQUE KEY `newsletters_name_unique` (`name`),
    UNIQUE KEY `newsletters_slug_unique` (`slug`)
) ENGINE=InnoDB DEFAULT CHARSET=utf8mb4 COLLATE=utf8mb4_0900_ai_ci;
/*!40101 SET character_set_client = @saved_cs_client */;

--
-- Dumping data for table `newsletters`
--

LOCK
TABLES `newsletters` WRITE;
/*!40000 ALTER TABLE `newsletters` DISABLE KEYS */;
INSERT INTO `newsletters` (`id`, `uuid`, `name`, `description`, `feedback_enabled`, `slug`, `sender_name`,
                           `sender_email`, `sender_reply_to`, `status`, `visibility`, `subscribe_on_signup`,
                           `sort_order`, `header_image`, `show_header_icon`, `show_header_title`, `title_font_category`,
                           `title_alignment`, `show_feature_image`, `body_font_category`, `footer_content`,
                           `show_badge`, `show_header_name`, `show_post_title_section`, `show_comment_cta`,
                           `show_subscription_details`, `show_latest_posts`, `background_color`, `border_color`,
                           `title_color`, `created_at`, `updated_at`)
VALUES ('677fdad22a03ec000191a054', '5c4c787d-6e15-48ad-b3ca-4b7171de0dea', 'The daily awesome', NULL, 0,
        'default-newsletter', NULL, NULL, 'newsletter', 'active', 'members', 1, 0, NULL, 1, 1, 'sans_serif', 'center',
        1, 'sans_serif', NULL, 1, 0, 1, 1, 0, 0, 'light', NULL, NULL, '2025-01-09 14:18:58', '2025-01-09 14:36:03');
/*!40000 ALTER TABLE `newsletters` ENABLE KEYS */;
UNLOCK
TABLES;

--
-- Table structure for table `offer_redemptions`
--

DROP TABLE IF EXISTS `offer_redemptions`;
/*!40101 SET @saved_cs_client     = @@character_set_client */;
/*!50503 SET character_set_client = utf8mb4 */;
CREATE TABLE `offer_redemptions`
(
    `id`              varchar(24) NOT NULL,
    `offer_id`        varchar(24) NOT NULL,
    `member_id`       varchar(24) NOT NULL,
    `subscription_id` varchar(24) NOT NULL,
    `created_at`      datetime    NOT NULL,
    PRIMARY KEY (`id`),
    KEY               `offer_redemptions_offer_id_foreign` (`offer_id`),
    KEY               `offer_redemptions_member_id_foreign` (`member_id`),
    KEY               `offer_redemptions_subscription_id_foreign` (`subscription_id`),
    CONSTRAINT `offer_redemptions_member_id_foreign` FOREIGN KEY (`member_id`) REFERENCES `members` (`id`) ON DELETE CASCADE,
    CONSTRAINT `offer_redemptions_offer_id_foreign` FOREIGN KEY (`offer_id`) REFERENCES `offers` (`id`) ON DELETE CASCADE,
    CONSTRAINT `offer_redemptions_subscription_id_foreign` FOREIGN KEY (`subscription_id`) REFERENCES `members_stripe_customers_subscriptions` (`id`) ON DELETE CASCADE
) ENGINE=InnoDB DEFAULT CHARSET=utf8mb4 COLLATE=utf8mb4_0900_ai_ci;
/*!40101 SET character_set_client = @saved_cs_client */;

--
-- Dumping data for table `offer_redemptions`
--

LOCK
TABLES `offer_redemptions` WRITE;
/*!40000 ALTER TABLE `offer_redemptions` DISABLE KEYS */;
/*!40000 ALTER TABLE `offer_redemptions` ENABLE KEYS */;
UNLOCK
TABLES;

--
-- Table structure for table `offers`
--

DROP TABLE IF EXISTS `offers`;
/*!40101 SET @saved_cs_client     = @@character_set_client */;
/*!50503 SET character_set_client = utf8mb4 */;
CREATE TABLE `offers`
(
    `id`                 varchar(24)  NOT NULL,
    `active`             tinyint(1) NOT NULL DEFAULT '1',
    `name`               varchar(191) NOT NULL,
    `code`               varchar(191) NOT NULL,
    `product_id`         varchar(24)  NOT NULL,
    `stripe_coupon_id`   varchar(255)  DEFAULT NULL,
    `interval`           varchar(50)  NOT NULL,
    `currency`           varchar(50)   DEFAULT NULL,
    `discount_type`      varchar(50)  NOT NULL,
    `discount_amount`    int          NOT NULL,
    `duration`           varchar(50)  NOT NULL,
    `duration_in_months` int           DEFAULT NULL,
    `portal_title`       varchar(191)  DEFAULT NULL,
    `portal_description` varchar(2000) DEFAULT NULL,
    `created_at`         datetime     NOT NULL,
    `updated_at`         datetime      DEFAULT NULL,
    PRIMARY KEY (`id`),
    UNIQUE KEY `offers_name_unique` (`name`),
    UNIQUE KEY `offers_code_unique` (`code`),
    UNIQUE KEY `offers_stripe_coupon_id_unique` (`stripe_coupon_id`),
    KEY                  `offers_product_id_foreign` (`product_id`),
    CONSTRAINT `offers_product_id_foreign` FOREIGN KEY (`product_id`) REFERENCES `products` (`id`)
) ENGINE=InnoDB DEFAULT CHARSET=utf8mb4 COLLATE=utf8mb4_0900_ai_ci;
/*!40101 SET character_set_client = @saved_cs_client */;

--
-- Dumping data for table `offers`
--

LOCK
TABLES `offers` WRITE;
/*!40000 ALTER TABLE `offers` DISABLE KEYS */;
/*!40000 ALTER TABLE `offers` ENABLE KEYS */;
UNLOCK
TABLES;

--
-- Table structure for table `permissions`
--

DROP TABLE IF EXISTS `permissions`;
/*!40101 SET @saved_cs_client     = @@character_set_client */;
/*!50503 SET character_set_client = utf8mb4 */;
CREATE TABLE `permissions`
(
    `id`          varchar(24) NOT NULL,
    `name`        varchar(50) NOT NULL,
    `object_type` varchar(50) NOT NULL,
    `action_type` varchar(50) NOT NULL,
    `object_id`   varchar(24) DEFAULT NULL,
    `created_at`  datetime    NOT NULL,
    `created_by`  varchar(24) NOT NULL,
    `updated_at`  datetime    DEFAULT NULL,
    `updated_by`  varchar(24) DEFAULT NULL,
    PRIMARY KEY (`id`),
    UNIQUE KEY `permissions_name_unique` (`name`)
) ENGINE=InnoDB DEFAULT CHARSET=utf8mb4 COLLATE=utf8mb4_0900_ai_ci;
/*!40101 SET character_set_client = @saved_cs_client */;

--
-- Dumping data for table `permissions`
--

LOCK
TABLES `permissions` WRITE;
/*!40000 ALTER TABLE `permissions` DISABLE KEYS */;
INSERT INTO `permissions` (`id`, `name`, `object_type`, `action_type`, `object_id`, `created_at`, `created_by`,
                           `updated_at`, `updated_by`)
VALUES ('677fdad22a03ec000191a056', 'Read explore data', 'explore', 'read', NULL, '2025-01-09 14:18:58', '1',
        '2025-01-09 14:18:58', '1'),
       ('677fdad22a03ec000191a057', 'Export database', 'db', 'exportContent', NULL, '2025-01-09 14:18:58', '1',
        '2025-01-09 14:18:58', '1'),
       ('677fdad22a03ec000191a058', 'Import database', 'db', 'importContent', NULL, '2025-01-09 14:18:58', '1',
        '2025-01-09 14:18:58', '1'),
       ('677fdad22a03ec000191a059', 'Delete all content', 'db', 'deleteAllContent', NULL, '2025-01-09 14:18:58', '1',
        '2025-01-09 14:18:58', '1'),
       ('677fdad22a03ec000191a05a', 'Send mail', 'mail', 'send', NULL, '2025-01-09 14:18:58', '1',
        '2025-01-09 14:18:58', '1'),
       ('677fdad22a03ec000191a05b', 'Browse notifications', 'notification', 'browse', NULL, '2025-01-09 14:18:58', '1',
        '2025-01-09 14:18:58', '1'),
       ('677fdad22a03ec000191a05c', 'Add notifications', 'notification', 'add', NULL, '2025-01-09 14:18:58', '1',
        '2025-01-09 14:18:58', '1'),
       ('677fdad22a03ec000191a05d', 'Delete notifications', 'notification', 'destroy', NULL, '2025-01-09 14:18:58', '1',
        '2025-01-09 14:18:58', '1'),
       ('677fdad22a03ec000191a05e', 'Browse posts', 'post', 'browse', NULL, '2025-01-09 14:18:58', '1',
        '2025-01-09 14:18:58', '1'),
       ('677fdad22a03ec000191a05f', 'Read posts', 'post', 'read', NULL, '2025-01-09 14:18:58', '1',
        '2025-01-09 14:18:58', '1'),
       ('677fdad22a03ec000191a060', 'Edit posts', 'post', 'edit', NULL, '2025-01-09 14:18:58', '1',
        '2025-01-09 14:18:58', '1'),
       ('677fdad22a03ec000191a061', 'Add posts', 'post', 'add', NULL, '2025-01-09 14:18:58', '1', '2025-01-09 14:18:58',
        '1'),
       ('677fdad22a03ec000191a062', 'Delete posts', 'post', 'destroy', NULL, '2025-01-09 14:18:58', '1',
        '2025-01-09 14:18:58', '1'),
       ('677fdad22a03ec000191a063', 'Browse settings', 'setting', 'browse', NULL, '2025-01-09 14:18:58', '1',
        '2025-01-09 14:18:58', '1'),
       ('677fdad22a03ec000191a064', 'Read settings', 'setting', 'read', NULL, '2025-01-09 14:18:58', '1',
        '2025-01-09 14:18:58', '1'),
       ('677fdad22a03ec000191a065', 'Edit settings', 'setting', 'edit', NULL, '2025-01-09 14:18:58', '1',
        '2025-01-09 14:18:58', '1'),
       ('677fdad22a03ec000191a066', 'Generate slugs', 'slug', 'generate', NULL, '2025-01-09 14:18:58', '1',
        '2025-01-09 14:18:58', '1'),
       ('677fdad22a03ec000191a067', 'Browse tags', 'tag', 'browse', NULL, '2025-01-09 14:18:58', '1',
        '2025-01-09 14:18:58', '1'),
       ('677fdad22a03ec000191a068', 'Read tags', 'tag', 'read', NULL, '2025-01-09 14:18:58', '1', '2025-01-09 14:18:58',
        '1'),
       ('677fdad22a03ec000191a069', 'Edit tags', 'tag', 'edit', NULL, '2025-01-09 14:18:58', '1', '2025-01-09 14:18:58',
        '1'),
       ('677fdad22a03ec000191a06a', 'Add tags', 'tag', 'add', NULL, '2025-01-09 14:18:58', '1', '2025-01-09 14:18:58',
        '1'),
       ('677fdad22a03ec000191a06b', 'Delete tags', 'tag', 'destroy', NULL, '2025-01-09 14:18:58', '1',
        '2025-01-09 14:18:58', '1'),
       ('677fdad22a03ec000191a06c', 'Browse themes', 'theme', 'browse', NULL, '2025-01-09 14:18:58', '1',
        '2025-01-09 14:18:58', '1'),
       ('677fdad22a03ec000191a06d', 'Edit themes', 'theme', 'edit', NULL, '2025-01-09 14:18:58', '1',
        '2025-01-09 14:18:58', '1'),
       ('677fdad22a03ec000191a06e', 'Activate themes', 'theme', 'activate', NULL, '2025-01-09 14:18:58', '1',
        '2025-01-09 14:18:58', '1'),
       ('677fdad22a03ec000191a06f', 'View active theme details', 'theme', 'readActive', NULL, '2025-01-09 14:18:58',
        '1', '2025-01-09 14:18:58', '1'),
       ('677fdad22a03ec000191a070', 'Upload themes', 'theme', 'add', NULL, '2025-01-09 14:18:58', '1',
        '2025-01-09 14:18:58', '1'),
       ('677fdad22a03ec000191a071', 'Download themes', 'theme', 'read', NULL, '2025-01-09 14:18:58', '1',
        '2025-01-09 14:18:58', '1'),
       ('677fdad22a03ec000191a072', 'Delete themes', 'theme', 'destroy', NULL, '2025-01-09 14:18:58', '1',
        '2025-01-09 14:18:58', '1'),
       ('677fdad22a03ec000191a073', 'Browse users', 'user', 'browse', NULL, '2025-01-09 14:18:58', '1',
        '2025-01-09 14:18:58', '1'),
       ('677fdad22a03ec000191a074', 'Read users', 'user', 'read', NULL, '2025-01-09 14:18:58', '1',
        '2025-01-09 14:18:58', '1'),
       ('677fdad22a03ec000191a075', 'Edit users', 'user', 'edit', NULL, '2025-01-09 14:18:58', '1',
        '2025-01-09 14:18:58', '1'),
       ('677fdad22a03ec000191a076', 'Add users', 'user', 'add', NULL, '2025-01-09 14:18:58', '1', '2025-01-09 14:18:58',
        '1'),
       ('677fdad22a03ec000191a077', 'Delete users', 'user', 'destroy', NULL, '2025-01-09 14:18:58', '1',
        '2025-01-09 14:18:58', '1'),
       ('677fdad22a03ec000191a078', 'Assign a role', 'role', 'assign', NULL, '2025-01-09 14:18:58', '1',
        '2025-01-09 14:18:58', '1'),
       ('677fdad22a03ec000191a079', 'Browse roles', 'role', 'browse', NULL, '2025-01-09 14:18:58', '1',
        '2025-01-09 14:18:58', '1'),
       ('677fdad22a03ec000191a07a', 'Browse invites', 'invite', 'browse', NULL, '2025-01-09 14:18:58', '1',
        '2025-01-09 14:18:58', '1'),
       ('677fdad22a03ec000191a07b', 'Read invites', 'invite', 'read', NULL, '2025-01-09 14:18:58', '1',
        '2025-01-09 14:18:58', '1'),
       ('677fdad22a03ec000191a07c', 'Edit invites', 'invite', 'edit', NULL, '2025-01-09 14:18:58', '1',
        '2025-01-09 14:18:58', '1'),
       ('677fdad22a03ec000191a07d', 'Add invites', 'invite', 'add', NULL, '2025-01-09 14:18:58', '1',
        '2025-01-09 14:18:58', '1'),
       ('677fdad22a03ec000191a07e', 'Delete invites', 'invite', 'destroy', NULL, '2025-01-09 14:18:58', '1',
        '2025-01-09 14:18:58', '1'),
       ('677fdad22a03ec000191a07f', 'Download redirects', 'redirect', 'download', NULL, '2025-01-09 14:18:58', '1',
        '2025-01-09 14:18:58', '1'),
       ('677fdad22a03ec000191a080', 'Upload redirects', 'redirect', 'upload', NULL, '2025-01-09 14:18:58', '1',
        '2025-01-09 14:18:58', '1'),
       ('677fdad22a03ec000191a081', 'Add webhooks', 'webhook', 'add', NULL, '2025-01-09 14:18:58', '1',
        '2025-01-09 14:18:58', '1'),
       ('677fdad22a03ec000191a082', 'Edit webhooks', 'webhook', 'edit', NULL, '2025-01-09 14:18:58', '1',
        '2025-01-09 14:18:58', '1'),
       ('677fdad22a03ec000191a083', 'Delete webhooks', 'webhook', 'destroy', NULL, '2025-01-09 14:18:58', '1',
        '2025-01-09 14:18:58', '1'),
       ('677fdad22a03ec000191a084', 'Browse integrations', 'integration', 'browse', NULL, '2025-01-09 14:18:58', '1',
        '2025-01-09 14:18:58', '1'),
       ('677fdad22a03ec000191a085', 'Read integrations', 'integration', 'read', NULL, '2025-01-09 14:18:58', '1',
        '2025-01-09 14:18:58', '1'),
       ('677fdad22a03ec000191a086', 'Edit integrations', 'integration', 'edit', NULL, '2025-01-09 14:18:58', '1',
        '2025-01-09 14:18:58', '1'),
       ('677fdad22a03ec000191a087', 'Add integrations', 'integration', 'add', NULL, '2025-01-09 14:18:58', '1',
        '2025-01-09 14:18:58', '1'),
       ('677fdad22a03ec000191a088', 'Delete integrations', 'integration', 'destroy', NULL, '2025-01-09 14:18:58', '1',
        '2025-01-09 14:18:58', '1'),
       ('677fdad22a03ec000191a089', 'Browse API keys', 'api_key', 'browse', NULL, '2025-01-09 14:18:58', '1',
        '2025-01-09 14:18:58', '1'),
       ('677fdad22a03ec000191a08a', 'Read API keys', 'api_key', 'read', NULL, '2025-01-09 14:18:58', '1',
        '2025-01-09 14:18:58', '1'),
       ('677fdad22a03ec000191a08b', 'Edit API keys', 'api_key', 'edit', NULL, '2025-01-09 14:18:58', '1',
        '2025-01-09 14:18:58', '1'),
       ('677fdad22a03ec000191a08c', 'Add API keys', 'api_key', 'add', NULL, '2025-01-09 14:18:58', '1',
        '2025-01-09 14:18:58', '1'),
       ('677fdad22a03ec000191a08d', 'Delete API keys', 'api_key', 'destroy', NULL, '2025-01-09 14:18:58', '1',
        '2025-01-09 14:18:58', '1'),
       ('677fdad22a03ec000191a08e', 'Browse Actions', 'action', 'browse', NULL, '2025-01-09 14:18:58', '1',
        '2025-01-09 14:18:58', '1'),
       ('677fdad22a03ec000191a08f', 'Browse Members', 'member', 'browse', NULL, '2025-01-09 14:18:58', '1',
        '2025-01-09 14:18:58', '1'),
       ('677fdad22a03ec000191a090', 'Read Members', 'member', 'read', NULL, '2025-01-09 14:18:58', '1',
        '2025-01-09 14:18:58', '1'),
       ('677fdad22a03ec000191a091', 'Edit Members', 'member', 'edit', NULL, '2025-01-09 14:18:58', '1',
        '2025-01-09 14:18:58', '1'),
       ('677fdad22a03ec000191a092', 'Add Members', 'member', 'add', NULL, '2025-01-09 14:18:58', '1',
        '2025-01-09 14:18:58', '1'),
       ('677fdad22a03ec000191a093', 'Delete Members', 'member', 'destroy', NULL, '2025-01-09 14:18:58', '1',
        '2025-01-09 14:18:58', '1'),
       ('677fdad22a03ec000191a094', 'Browse Products', 'product', 'browse', NULL, '2025-01-09 14:18:58', '1',
        '2025-01-09 14:18:58', '1'),
       ('677fdad22a03ec000191a095', 'Read Products', 'product', 'read', NULL, '2025-01-09 14:18:58', '1',
        '2025-01-09 14:18:58', '1'),
       ('677fdad22a03ec000191a096', 'Edit Products', 'product', 'edit', NULL, '2025-01-09 14:18:58', '1',
        '2025-01-09 14:18:58', '1'),
       ('677fdad22a03ec000191a097', 'Add Products', 'product', 'add', NULL, '2025-01-09 14:18:58', '1',
        '2025-01-09 14:18:58', '1'),
       ('677fdad22a03ec000191a098', 'Delete Products', 'product', 'destroy', NULL, '2025-01-09 14:18:58', '1',
        '2025-01-09 14:18:58', '1'),
       ('677fdad22a03ec000191a099', 'Publish posts', 'post', 'publish', NULL, '2025-01-09 14:18:58', '1',
        '2025-01-09 14:18:58', '1'),
       ('677fdad22a03ec000191a09a', 'Backup database', 'db', 'backupContent', NULL, '2025-01-09 14:18:58', '1',
        '2025-01-09 14:18:58', '1'),
       ('677fdad22a03ec000191a09b', 'Email preview', 'email_preview', 'read', NULL, '2025-01-09 14:18:58', '1',
        '2025-01-09 14:18:58', '1'),
       ('677fdad22a03ec000191a09c', 'Send test email', 'email_preview', 'sendTestEmail', NULL, '2025-01-09 14:18:58',
        '1', '2025-01-09 14:18:58', '1'),
       ('677fdad22a03ec000191a09d', 'Browse emails', 'email', 'browse', NULL, '2025-01-09 14:18:58', '1',
        '2025-01-09 14:18:58', '1'),
       ('677fdad22a03ec000191a09e', 'Read emails', 'email', 'read', NULL, '2025-01-09 14:18:58', '1',
        '2025-01-09 14:18:58', '1'),
       ('677fdad22a03ec000191a09f', 'Retry emails', 'email', 'retry', NULL, '2025-01-09 14:18:58', '1',
        '2025-01-09 14:18:58', '1'),
       ('677fdad22a03ec000191a0a0', 'Browse labels', 'label', 'browse', NULL, '2025-01-09 14:18:58', '1',
        '2025-01-09 14:18:58', '1'),
       ('677fdad22a03ec000191a0a1', 'Read labels', 'label', 'read', NULL, '2025-01-09 14:18:58', '1',
        '2025-01-09 14:18:58', '1'),
       ('677fdad22a03ec000191a0a2', 'Edit labels', 'label', 'edit', NULL, '2025-01-09 14:18:58', '1',
        '2025-01-09 14:18:58', '1'),
       ('677fdad22a03ec000191a0a3', 'Add labels', 'label', 'add', NULL, '2025-01-09 14:18:58', '1',
        '2025-01-09 14:18:58', '1'),
       ('677fdad22a03ec000191a0a4', 'Delete labels', 'label', 'destroy', NULL, '2025-01-09 14:18:58', '1',
        '2025-01-09 14:18:58', '1'),
       ('677fdad22a03ec000191a0a5', 'Read member signin urls', 'member_signin_url', 'read', NULL, '2025-01-09 14:18:58',
        '1', '2025-01-09 14:18:58', '1'),
       ('677fdad22a03ec000191a0a6', 'Read identities', 'identity', 'read', NULL, '2025-01-09 14:18:58', '1',
        '2025-01-09 14:18:58', '1'),
       ('677fdad22a03ec000191a0a7', 'Auth Stripe Connect for Members', 'members_stripe_connect', 'auth', NULL,
        '2025-01-09 14:18:58', '1', '2025-01-09 14:18:58', '1'),
       ('677fdad22a03ec000191a0a8', 'Browse snippets', 'snippet', 'browse', NULL, '2025-01-09 14:18:58', '1',
        '2025-01-09 14:18:58', '1'),
       ('677fdad22a03ec000191a0a9', 'Read snippets', 'snippet', 'read', NULL, '2025-01-09 14:18:58', '1',
        '2025-01-09 14:18:58', '1'),
       ('677fdad22a03ec000191a0aa', 'Edit snippets', 'snippet', 'edit', NULL, '2025-01-09 14:18:58', '1',
        '2025-01-09 14:18:58', '1'),
       ('677fdad22a03ec000191a0ab', 'Add snippets', 'snippet', 'add', NULL, '2025-01-09 14:18:58', '1',
        '2025-01-09 14:18:58', '1'),
       ('677fdad22a03ec000191a0ac', 'Delete snippets', 'snippet', 'destroy', NULL, '2025-01-09 14:18:58', '1',
        '2025-01-09 14:18:58', '1'),
       ('677fdad22a03ec000191a0ad', 'Browse offers', 'offer', 'browse', NULL, '2025-01-09 14:18:58', '1',
        '2025-01-09 14:18:58', '1'),
       ('677fdad22a03ec000191a0ae', 'Read offers', 'offer', 'read', NULL, '2025-01-09 14:18:58', '1',
        '2025-01-09 14:18:58', '1'),
       ('677fdad22a03ec000191a0af', 'Edit offers', 'offer', 'edit', NULL, '2025-01-09 14:18:58', '1',
        '2025-01-09 14:18:58', '1'),
       ('677fdad22a03ec000191a0b0', 'Add offers', 'offer', 'add', NULL, '2025-01-09 14:18:58', '1',
        '2025-01-09 14:18:58', '1'),
       ('677fdad22a03ec000191a0b1', 'Reset all passwords', 'authentication', 'resetAllPasswords', NULL,
        '2025-01-09 14:18:58', '1', '2025-01-09 14:18:58', '1'),
       ('677fdad22a03ec000191a0b2', 'Browse custom theme settings', 'custom_theme_setting', 'browse', NULL,
        '2025-01-09 14:18:58', '1', '2025-01-09 14:18:58', '1'),
       ('677fdad22a03ec000191a0b3', 'Edit custom theme settings', 'custom_theme_setting', 'edit', NULL,
        '2025-01-09 14:18:58', '1', '2025-01-09 14:18:58', '1'),
       ('677fdad22a03ec000191a0b4', 'Browse newsletters', 'newsletter', 'browse', NULL, '2025-01-09 14:18:58', '1',
        '2025-01-09 14:18:58', '1'),
       ('677fdad22a03ec000191a0b5', 'Read newsletters', 'newsletter', 'read', NULL, '2025-01-09 14:18:58', '1',
        '2025-01-09 14:18:58', '1'),
       ('677fdad22a03ec000191a0b6', 'Add newsletters', 'newsletter', 'add', NULL, '2025-01-09 14:18:58', '1',
        '2025-01-09 14:18:58', '1'),
       ('677fdad22a03ec000191a0b7', 'Edit newsletters', 'newsletter', 'edit', NULL, '2025-01-09 14:18:58', '1',
        '2025-01-09 14:18:58', '1'),
       ('677fdad22a03ec000191a0b8', 'Browse comments', 'comment', 'browse', NULL, '2025-01-09 14:18:58', '1',
        '2025-01-09 14:18:58', '1'),
       ('677fdad22a03ec000191a0b9', 'Read comments', 'comment', 'read', NULL, '2025-01-09 14:18:58', '1',
        '2025-01-09 14:18:58', '1'),
       ('677fdad22a03ec000191a0ba', 'Edit comments', 'comment', 'edit', NULL, '2025-01-09 14:18:58', '1',
        '2025-01-09 14:18:58', '1'),
       ('677fdad22a03ec000191a0bb', 'Add comments', 'comment', 'add', NULL, '2025-01-09 14:18:58', '1',
        '2025-01-09 14:18:58', '1'),
       ('677fdad22a03ec000191a0bc', 'Delete comments', 'comment', 'destroy', NULL, '2025-01-09 14:18:58', '1',
        '2025-01-09 14:18:58', '1'),
       ('677fdad22a03ec000191a0bd', 'Moderate comments', 'comment', 'moderate', NULL, '2025-01-09 14:18:58', '1',
        '2025-01-09 14:18:58', '1'),
       ('677fdad22a03ec000191a0be', 'Like comments', 'comment', 'like', NULL, '2025-01-09 14:18:58', '1',
        '2025-01-09 14:18:58', '1'),
       ('677fdad22a03ec000191a0bf', 'Unlike comments', 'comment', 'unlike', NULL, '2025-01-09 14:18:58', '1',
        '2025-01-09 14:18:58', '1'),
       ('677fdad22a03ec000191a0c0', 'Report comments', 'comment', 'report', NULL, '2025-01-09 14:18:58', '1',
        '2025-01-09 14:18:58', '1'),
       ('677fdad22a03ec000191a0c1', 'Browse links', 'link', 'browse', NULL, '2025-01-09 14:18:58', '1',
        '2025-01-09 14:18:58', '1'),
       ('677fdad22a03ec000191a0c2', 'Edit links', 'link', 'edit', NULL, '2025-01-09 14:18:58', '1',
        '2025-01-09 14:18:58', '1'),
       ('677fdad22a03ec000191a0c3', 'Browse mentions', 'mention', 'browse', NULL, '2025-01-09 14:18:58', '1',
        '2025-01-09 14:18:58', '1'),
       ('677fdad22a03ec000191a0c4', 'Browse collections', 'collection', 'browse', NULL, '2025-01-09 14:18:58', '1',
        '2025-01-09 14:18:58', '1'),
       ('677fdad22a03ec000191a0c5', 'Read collections', 'collection', 'read', NULL, '2025-01-09 14:18:58', '1',
        '2025-01-09 14:18:58', '1'),
       ('677fdad22a03ec000191a0c6', 'Edit collections', 'collection', 'edit', NULL, '2025-01-09 14:18:58', '1',
        '2025-01-09 14:18:58', '1'),
       ('677fdad22a03ec000191a0c7', 'Add collections', 'collection', 'add', NULL, '2025-01-09 14:18:58', '1',
        '2025-01-09 14:18:58', '1'),
       ('677fdad22a03ec000191a0c8', 'Delete collections', 'collection', 'destroy', NULL, '2025-01-09 14:18:58', '1',
        '2025-01-09 14:18:58', '1'),
       ('677fdad22a03ec000191a0c9', 'Browse recommendations', 'recommendation', 'browse', NULL, '2025-01-09 14:18:58',
        '1', '2025-01-09 14:18:58', '1'),
       ('677fdad22a03ec000191a0ca', 'Read recommendations', 'recommendation', 'read', NULL, '2025-01-09 14:18:58', '1',
        '2025-01-09 14:18:58', '1'),
       ('677fdad22a03ec000191a0cb', 'Edit recommendations', 'recommendation', 'edit', NULL, '2025-01-09 14:18:58', '1',
        '2025-01-09 14:18:58', '1'),
       ('677fdad22a03ec000191a0cc', 'Add recommendations', 'recommendation', 'add', NULL, '2025-01-09 14:18:58', '1',
        '2025-01-09 14:18:58', '1'),
       ('677fdad22a03ec000191a0cd', 'Delete recommendations', 'recommendation', 'destroy', NULL, '2025-01-09 14:18:58',
        '1', '2025-01-09 14:18:58', '1');
/*!40000 ALTER TABLE `permissions` ENABLE KEYS */;
UNLOCK
TABLES;

--
-- Table structure for table `permissions_roles`
--

DROP TABLE IF EXISTS `permissions_roles`;
/*!40101 SET @saved_cs_client     = @@character_set_client */;
/*!50503 SET character_set_client = utf8mb4 */;
CREATE TABLE `permissions_roles`
(
    `id`            varchar(24) NOT NULL,
    `role_id`       varchar(24) NOT NULL,
    `permission_id` varchar(24) NOT NULL,
    PRIMARY KEY (`id`)
) ENGINE=InnoDB DEFAULT CHARSET=utf8mb4 COLLATE=utf8mb4_0900_ai_ci;
/*!40101 SET character_set_client = @saved_cs_client */;

--
-- Dumping data for table `permissions_roles`
--

LOCK
TABLES `permissions_roles` WRITE;
/*!40000 ALTER TABLE `permissions_roles` DISABLE KEYS */;
INSERT INTO `permissions_roles` (`id`, `role_id`, `permission_id`)
VALUES ('677fdad32a03ec000191a0e0', '677fdad12a03ec000191a045', '677fdad22a03ec000191a057'),
       ('677fdad32a03ec000191a0e1', '677fdad12a03ec000191a045', '677fdad22a03ec000191a058'),
       ('677fdad32a03ec000191a0e2', '677fdad12a03ec000191a045', '677fdad22a03ec000191a059'),
       ('677fdad32a03ec000191a0e3', '677fdad12a03ec000191a045', '677fdad22a03ec000191a09a'),
       ('677fdad32a03ec000191a0e4', '677fdad12a03ec000191a045', '677fdad22a03ec000191a05a'),
       ('677fdad32a03ec000191a0e5', '677fdad12a03ec000191a045', '677fdad22a03ec000191a05b'),
       ('677fdad32a03ec000191a0e6', '677fdad12a03ec000191a045', '677fdad22a03ec000191a05c'),
       ('677fdad32a03ec000191a0e7', '677fdad12a03ec000191a045', '677fdad22a03ec000191a05d'),
       ('677fdad32a03ec000191a0e8', '677fdad12a03ec000191a045', '677fdad22a03ec000191a05e'),
       ('677fdad32a03ec000191a0e9', '677fdad12a03ec000191a045', '677fdad22a03ec000191a05f'),
       ('677fdad32a03ec000191a0ea', '677fdad12a03ec000191a045', '677fdad22a03ec000191a060'),
       ('677fdad32a03ec000191a0eb', '677fdad12a03ec000191a045', '677fdad22a03ec000191a061'),
       ('677fdad32a03ec000191a0ec', '677fdad12a03ec000191a045', '677fdad22a03ec000191a062'),
       ('677fdad32a03ec000191a0ed', '677fdad12a03ec000191a045', '677fdad22a03ec000191a099'),
       ('677fdad32a03ec000191a0ee', '677fdad12a03ec000191a045', '677fdad22a03ec000191a063'),
       ('677fdad32a03ec000191a0ef', '677fdad12a03ec000191a045', '677fdad22a03ec000191a064'),
       ('677fdad32a03ec000191a0f0', '677fdad12a03ec000191a045', '677fdad22a03ec000191a065'),
       ('677fdad32a03ec000191a0f1', '677fdad12a03ec000191a045', '677fdad22a03ec000191a066'),
       ('677fdad32a03ec000191a0f2', '677fdad12a03ec000191a045', '677fdad22a03ec000191a067'),
       ('677fdad32a03ec000191a0f3', '677fdad12a03ec000191a045', '677fdad22a03ec000191a068'),
       ('677fdad32a03ec000191a0f4', '677fdad12a03ec000191a045', '677fdad22a03ec000191a069'),
       ('677fdad32a03ec000191a0f5', '677fdad12a03ec000191a045', '677fdad22a03ec000191a06a'),
       ('677fdad32a03ec000191a0f6', '677fdad12a03ec000191a045', '677fdad22a03ec000191a06b'),
       ('677fdad32a03ec000191a0f7', '677fdad12a03ec000191a045', '677fdad22a03ec000191a06c'),
       ('677fdad32a03ec000191a0f8', '677fdad12a03ec000191a045', '677fdad22a03ec000191a06d'),
       ('677fdad32a03ec000191a0f9', '677fdad12a03ec000191a045', '677fdad22a03ec000191a06e'),
       ('677fdad32a03ec000191a0fa', '677fdad12a03ec000191a045', '677fdad22a03ec000191a06f'),
       ('677fdad32a03ec000191a0fb', '677fdad12a03ec000191a045', '677fdad22a03ec000191a070'),
       ('677fdad32a03ec000191a0fc', '677fdad12a03ec000191a045', '677fdad22a03ec000191a071'),
       ('677fdad32a03ec000191a0fd', '677fdad12a03ec000191a045', '677fdad22a03ec000191a072'),
       ('677fdad42a03ec000191a0fe', '677fdad12a03ec000191a045', '677fdad22a03ec000191a073'),
       ('677fdad42a03ec000191a0ff', '677fdad12a03ec000191a045', '677fdad22a03ec000191a074'),
       ('677fdad42a03ec000191a100', '677fdad12a03ec000191a045', '677fdad22a03ec000191a075'),
       ('677fdad42a03ec000191a101', '677fdad12a03ec000191a045', '677fdad22a03ec000191a076'),
       ('677fdad42a03ec000191a102', '677fdad12a03ec000191a045', '677fdad22a03ec000191a077'),
       ('677fdad42a03ec000191a103', '677fdad12a03ec000191a045', '677fdad22a03ec000191a078'),
       ('677fdad42a03ec000191a104', '677fdad12a03ec000191a045', '677fdad22a03ec000191a079'),
       ('677fdad42a03ec000191a105', '677fdad12a03ec000191a045', '677fdad22a03ec000191a07a'),
       ('677fdad42a03ec000191a106', '677fdad12a03ec000191a045', '677fdad22a03ec000191a07b'),
       ('677fdad42a03ec000191a107', '677fdad12a03ec000191a045', '677fdad22a03ec000191a07c'),
       ('677fdad42a03ec000191a108', '677fdad12a03ec000191a045', '677fdad22a03ec000191a07d'),
       ('677fdad42a03ec000191a109', '677fdad12a03ec000191a045', '677fdad22a03ec000191a07e'),
       ('677fdad42a03ec000191a10a', '677fdad12a03ec000191a045', '677fdad22a03ec000191a07f'),
       ('677fdad42a03ec000191a10b', '677fdad12a03ec000191a045', '677fdad22a03ec000191a080'),
       ('677fdad42a03ec000191a10c', '677fdad12a03ec000191a045', '677fdad22a03ec000191a081'),
       ('677fdad42a03ec000191a10d', '677fdad12a03ec000191a045', '677fdad22a03ec000191a082'),
       ('677fdad42a03ec000191a10e', '677fdad12a03ec000191a045', '677fdad22a03ec000191a083'),
       ('677fdad42a03ec000191a10f', '677fdad12a03ec000191a045', '677fdad22a03ec000191a084'),
       ('677fdad42a03ec000191a110', '677fdad12a03ec000191a045', '677fdad22a03ec000191a085'),
       ('677fdad42a03ec000191a111', '677fdad12a03ec000191a045', '677fdad22a03ec000191a086'),
       ('677fdad42a03ec000191a112', '677fdad12a03ec000191a045', '677fdad22a03ec000191a087'),
       ('677fdad42a03ec000191a113', '677fdad12a03ec000191a045', '677fdad22a03ec000191a088'),
       ('677fdad42a03ec000191a114', '677fdad12a03ec000191a045', '677fdad22a03ec000191a089'),
       ('677fdad42a03ec000191a115', '677fdad12a03ec000191a045', '677fdad22a03ec000191a08a'),
       ('677fdad42a03ec000191a116', '677fdad12a03ec000191a045', '677fdad22a03ec000191a08b'),
       ('677fdad42a03ec000191a117', '677fdad12a03ec000191a045', '677fdad22a03ec000191a08c'),
       ('677fdad42a03ec000191a118', '677fdad12a03ec000191a045', '677fdad22a03ec000191a08d'),
       ('677fdad42a03ec000191a119', '677fdad12a03ec000191a045', '677fdad22a03ec000191a08e'),
       ('677fdad42a03ec000191a11a', '677fdad12a03ec000191a045', '677fdad22a03ec000191a08f'),
       ('677fdad42a03ec000191a11b', '677fdad12a03ec000191a045', '677fdad22a03ec000191a090'),
       ('677fdad42a03ec000191a11c', '677fdad12a03ec000191a045', '677fdad22a03ec000191a091'),
       ('677fdad42a03ec000191a11d', '677fdad12a03ec000191a045', '677fdad22a03ec000191a092'),
       ('677fdad42a03ec000191a11e', '677fdad12a03ec000191a045', '677fdad22a03ec000191a093'),
       ('677fdad42a03ec000191a11f', '677fdad12a03ec000191a045', '677fdad22a03ec000191a094'),
       ('677fdad42a03ec000191a120', '677fdad12a03ec000191a045', '677fdad22a03ec000191a095'),
       ('677fdad42a03ec000191a121', '677fdad12a03ec000191a045', '677fdad22a03ec000191a096'),
       ('677fdad42a03ec000191a122', '677fdad12a03ec000191a045', '677fdad22a03ec000191a097'),
       ('677fdad42a03ec000191a123', '677fdad12a03ec000191a045', '677fdad22a03ec000191a098'),
       ('677fdad42a03ec000191a124', '677fdad12a03ec000191a045', '677fdad22a03ec000191a0a0'),
       ('677fdad42a03ec000191a125', '677fdad12a03ec000191a045', '677fdad22a03ec000191a0a1'),
       ('677fdad42a03ec000191a126', '677fdad12a03ec000191a045', '677fdad22a03ec000191a0a2'),
       ('677fdad42a03ec000191a127', '677fdad12a03ec000191a045', '677fdad22a03ec000191a0a3'),
       ('677fdad42a03ec000191a128', '677fdad12a03ec000191a045', '677fdad22a03ec000191a0a4'),
       ('677fdad42a03ec000191a129', '677fdad12a03ec000191a045', '677fdad22a03ec000191a09b'),
       ('677fdad42a03ec000191a12a', '677fdad12a03ec000191a045', '677fdad22a03ec000191a09c'),
       ('677fdad42a03ec000191a12b', '677fdad12a03ec000191a045', '677fdad22a03ec000191a09d'),
       ('677fdad42a03ec000191a12c', '677fdad12a03ec000191a045', '677fdad22a03ec000191a09e'),
       ('677fdad42a03ec000191a12d', '677fdad12a03ec000191a045', '677fdad22a03ec000191a09f'),
       ('677fdad42a03ec000191a12e', '677fdad12a03ec000191a045', '677fdad22a03ec000191a0a5'),
       ('677fdad42a03ec000191a12f', '677fdad12a03ec000191a045', '677fdad22a03ec000191a0a8'),
       ('677fdad42a03ec000191a130', '677fdad12a03ec000191a045', '677fdad22a03ec000191a0a9'),
       ('677fdad42a03ec000191a131', '677fdad12a03ec000191a045', '677fdad22a03ec000191a0aa'),
       ('677fdad42a03ec000191a132', '677fdad12a03ec000191a045', '677fdad22a03ec000191a0ab'),
       ('677fdad42a03ec000191a133', '677fdad12a03ec000191a045', '677fdad22a03ec000191a0ac'),
       ('677fdad42a03ec000191a134', '677fdad12a03ec000191a045', '677fdad22a03ec000191a0b2'),
       ('677fdad42a03ec000191a135', '677fdad12a03ec000191a045', '677fdad22a03ec000191a0b3'),
       ('677fdad42a03ec000191a136', '677fdad12a03ec000191a045', '677fdad22a03ec000191a0ad'),
       ('677fdad42a03ec000191a137', '677fdad12a03ec000191a045', '677fdad22a03ec000191a0ae'),
       ('677fdad42a03ec000191a138', '677fdad12a03ec000191a045', '677fdad22a03ec000191a0af'),
       ('677fdad42a03ec000191a139', '677fdad12a03ec000191a045', '677fdad22a03ec000191a0b0'),
       ('677fdad42a03ec000191a13a', '677fdad12a03ec000191a045', '677fdad22a03ec000191a0b1'),
       ('677fdad42a03ec000191a13b', '677fdad12a03ec000191a045', '677fdad22a03ec000191a0a7'),
       ('677fdad42a03ec000191a13c', '677fdad12a03ec000191a045', '677fdad22a03ec000191a0b4'),
       ('677fdad42a03ec000191a13d', '677fdad12a03ec000191a045', '677fdad22a03ec000191a0b5'),
       ('677fdad42a03ec000191a13e', '677fdad12a03ec000191a045', '677fdad22a03ec000191a0b6'),
       ('677fdad42a03ec000191a13f', '677fdad12a03ec000191a045', '677fdad22a03ec000191a0b7'),
       ('677fdad42a03ec000191a140', '677fdad12a03ec000191a045', '677fdad22a03ec000191a056'),
       ('677fdad42a03ec000191a141', '677fdad12a03ec000191a045', '677fdad22a03ec000191a0b8'),
       ('677fdad42a03ec000191a142', '677fdad12a03ec000191a045', '677fdad22a03ec000191a0b9'),
       ('677fdad42a03ec000191a143', '677fdad12a03ec000191a045', '677fdad22a03ec000191a0ba'),
       ('677fdad42a03ec000191a144', '677fdad12a03ec000191a045', '677fdad22a03ec000191a0bb'),
       ('677fdad42a03ec000191a145', '677fdad12a03ec000191a045', '677fdad22a03ec000191a0bc'),
       ('677fdad42a03ec000191a146', '677fdad12a03ec000191a045', '677fdad22a03ec000191a0bd'),
       ('677fdad42a03ec000191a147', '677fdad12a03ec000191a045', '677fdad22a03ec000191a0be'),
       ('677fdad42a03ec000191a148', '677fdad12a03ec000191a045', '677fdad22a03ec000191a0bf'),
       ('677fdad42a03ec000191a149', '677fdad12a03ec000191a045', '677fdad22a03ec000191a0c0'),
       ('677fdad42a03ec000191a14a', '677fdad12a03ec000191a045', '677fdad22a03ec000191a0c1'),
       ('677fdad42a03ec000191a14b', '677fdad12a03ec000191a045', '677fdad22a03ec000191a0c2'),
       ('677fdad42a03ec000191a14c', '677fdad12a03ec000191a045', '677fdad22a03ec000191a0c3'),
       ('677fdad42a03ec000191a14d', '677fdad12a03ec000191a045', '677fdad22a03ec000191a0c4'),
       ('677fdad42a03ec000191a14e', '677fdad12a03ec000191a045', '677fdad22a03ec000191a0c5'),
       ('677fdad42a03ec000191a14f', '677fdad12a03ec000191a045', '677fdad22a03ec000191a0c6'),
       ('677fdad42a03ec000191a150', '677fdad12a03ec000191a045', '677fdad22a03ec000191a0c7'),
       ('677fdad42a03ec000191a151', '677fdad12a03ec000191a045', '677fdad22a03ec000191a0c8'),
       ('677fdad42a03ec000191a152', '677fdad12a03ec000191a045', '677fdad22a03ec000191a0c9'),
       ('677fdad42a03ec000191a153', '677fdad12a03ec000191a045', '677fdad22a03ec000191a0ca'),
       ('677fdad42a03ec000191a154', '677fdad12a03ec000191a045', '677fdad22a03ec000191a0cb'),
       ('677fdad42a03ec000191a155', '677fdad12a03ec000191a045', '677fdad22a03ec000191a0cc'),
       ('677fdad42a03ec000191a156', '677fdad12a03ec000191a045', '677fdad22a03ec000191a0cd'),
       ('677fdad42a03ec000191a157', '677fdad12a03ec000191a04d', '677fdad22a03ec000191a057'),
       ('677fdad42a03ec000191a158', '677fdad12a03ec000191a04d', '677fdad22a03ec000191a058'),
       ('677fdad42a03ec000191a159', '677fdad12a03ec000191a04d', '677fdad22a03ec000191a059'),
       ('677fdad42a03ec000191a15a', '677fdad12a03ec000191a04d', '677fdad22a03ec000191a09a'),
       ('677fdad42a03ec000191a15b', '677fdad12a03ec000191a04e', '677fdad22a03ec000191a099'),
       ('677fdad42a03ec000191a15c', '677fdad12a03ec000191a04b', '677fdad22a03ec000191a056'),
       ('677fdad42a03ec000191a15d', '677fdad12a03ec000191a04c', '677fdad22a03ec000191a058'),
       ('677fdad42a03ec000191a15e', '677fdad12a03ec000191a04c', '677fdad22a03ec000191a092'),
       ('677fdad42a03ec000191a15f', '677fdad12a03ec000191a04c', '677fdad22a03ec000191a068'),
       ('677fdad42a03ec000191a160', '677fdad12a03ec000191a04a', '677fdad22a03ec000191a05a'),
       ('677fdad42a03ec000191a161', '677fdad12a03ec000191a04a', '677fdad22a03ec000191a05b'),
       ('677fdad42a03ec000191a162', '677fdad12a03ec000191a04a', '677fdad22a03ec000191a05c'),
       ('677fdad42a03ec000191a163', '677fdad12a03ec000191a04a', '677fdad22a03ec000191a05d'),
       ('677fdad42a03ec000191a164', '677fdad12a03ec000191a04a', '677fdad22a03ec000191a05e'),
       ('677fdad42a03ec000191a165', '677fdad12a03ec000191a04a', '677fdad22a03ec000191a05f'),
       ('677fdad42a03ec000191a166', '677fdad12a03ec000191a04a', '677fdad22a03ec000191a060'),
       ('677fdad42a03ec000191a167', '677fdad12a03ec000191a04a', '677fdad22a03ec000191a061'),
       ('677fdad42a03ec000191a168', '677fdad12a03ec000191a04a', '677fdad22a03ec000191a062'),
       ('677fdad42a03ec000191a169', '677fdad12a03ec000191a04a', '677fdad22a03ec000191a099'),
       ('677fdad42a03ec000191a16a', '677fdad12a03ec000191a04a', '677fdad22a03ec000191a063'),
       ('677fdad42a03ec000191a16b', '677fdad12a03ec000191a04a', '677fdad22a03ec000191a064'),
       ('677fdad42a03ec000191a16c', '677fdad12a03ec000191a04a', '677fdad22a03ec000191a065'),
       ('677fdad42a03ec000191a16d', '677fdad12a03ec000191a04a', '677fdad22a03ec000191a066'),
       ('677fdad42a03ec000191a16e', '677fdad12a03ec000191a04a', '677fdad22a03ec000191a067'),
       ('677fdad42a03ec000191a16f', '677fdad12a03ec000191a04a', '677fdad22a03ec000191a068'),
       ('677fdad42a03ec000191a170', '677fdad12a03ec000191a04a', '677fdad22a03ec000191a069'),
       ('677fdad42a03ec000191a171', '677fdad12a03ec000191a04a', '677fdad22a03ec000191a06a'),
       ('677fdad42a03ec000191a172', '677fdad12a03ec000191a04a', '677fdad22a03ec000191a06b'),
       ('677fdad42a03ec000191a173', '677fdad12a03ec000191a04a', '677fdad22a03ec000191a06c'),
       ('677fdad42a03ec000191a174', '677fdad12a03ec000191a04a', '677fdad22a03ec000191a06d'),
       ('677fdad42a03ec000191a175', '677fdad12a03ec000191a04a', '677fdad22a03ec000191a06e'),
       ('677fdad42a03ec000191a176', '677fdad12a03ec000191a04a', '677fdad22a03ec000191a06f'),
       ('677fdad42a03ec000191a177', '677fdad12a03ec000191a04a', '677fdad22a03ec000191a070'),
       ('677fdad42a03ec000191a178', '677fdad12a03ec000191a04a', '677fdad22a03ec000191a071'),
       ('677fdad42a03ec000191a179', '677fdad12a03ec000191a04a', '677fdad22a03ec000191a072'),
       ('677fdad42a03ec000191a17a', '677fdad12a03ec000191a04a', '677fdad22a03ec000191a073'),
       ('677fdad42a03ec000191a17b', '677fdad12a03ec000191a04a', '677fdad22a03ec000191a074'),
       ('677fdad42a03ec000191a17c', '677fdad12a03ec000191a04a', '677fdad22a03ec000191a075'),
       ('677fdad42a03ec000191a17d', '677fdad12a03ec000191a04a', '677fdad22a03ec000191a076'),
       ('677fdad42a03ec000191a17e', '677fdad12a03ec000191a04a', '677fdad22a03ec000191a077'),
       ('677fdad42a03ec000191a17f', '677fdad12a03ec000191a04a', '677fdad22a03ec000191a078'),
       ('677fdad42a03ec000191a180', '677fdad12a03ec000191a04a', '677fdad22a03ec000191a079'),
       ('677fdad42a03ec000191a181', '677fdad12a03ec000191a04a', '677fdad22a03ec000191a07a'),
       ('677fdad42a03ec000191a182', '677fdad12a03ec000191a04a', '677fdad22a03ec000191a07b'),
       ('677fdad42a03ec000191a183', '677fdad12a03ec000191a04a', '677fdad22a03ec000191a07c'),
       ('677fdad42a03ec000191a184', '677fdad12a03ec000191a04a', '677fdad22a03ec000191a07d'),
       ('677fdad42a03ec000191a185', '677fdad12a03ec000191a04a', '677fdad22a03ec000191a07e'),
       ('677fdad42a03ec000191a186', '677fdad12a03ec000191a04a', '677fdad22a03ec000191a07f'),
       ('677fdad42a03ec000191a187', '677fdad12a03ec000191a04a', '677fdad22a03ec000191a080'),
       ('677fdad42a03ec000191a188', '677fdad12a03ec000191a04a', '677fdad22a03ec000191a081'),
       ('677fdad42a03ec000191a189', '677fdad12a03ec000191a04a', '677fdad22a03ec000191a082'),
       ('677fdad42a03ec000191a18a', '677fdad12a03ec000191a04a', '677fdad22a03ec000191a083'),
       ('677fdad42a03ec000191a18b', '677fdad12a03ec000191a04a', '677fdad22a03ec000191a08e'),
       ('677fdad42a03ec000191a18c', '677fdad12a03ec000191a04a', '677fdad22a03ec000191a08f'),
       ('677fdad42a03ec000191a18d', '677fdad12a03ec000191a04a', '677fdad22a03ec000191a090'),
       ('677fdad42a03ec000191a18e', '677fdad12a03ec000191a04a', '677fdad22a03ec000191a091'),
       ('677fdad42a03ec000191a18f', '677fdad12a03ec000191a04a', '677fdad22a03ec000191a092'),
       ('677fdad42a03ec000191a190', '677fdad12a03ec000191a04a', '677fdad22a03ec000191a093'),
       ('677fdad42a03ec000191a191', '677fdad12a03ec000191a04a', '677fdad22a03ec000191a0a0'),
       ('677fdad42a03ec000191a192', '677fdad12a03ec000191a04a', '677fdad22a03ec000191a0a1'),
       ('677fdad42a03ec000191a193', '677fdad12a03ec000191a04a', '677fdad22a03ec000191a0a2'),
       ('677fdad42a03ec000191a194', '677fdad12a03ec000191a04a', '677fdad22a03ec000191a0a3'),
       ('677fdad42a03ec000191a195', '677fdad12a03ec000191a04a', '677fdad22a03ec000191a0a4'),
       ('677fdad42a03ec000191a196', '677fdad12a03ec000191a04a', '677fdad22a03ec000191a09b'),
       ('677fdad42a03ec000191a197', '677fdad12a03ec000191a04a', '677fdad22a03ec000191a09c'),
       ('677fdad42a03ec000191a198', '677fdad12a03ec000191a04a', '677fdad22a03ec000191a09d'),
       ('677fdad42a03ec000191a199', '677fdad12a03ec000191a04a', '677fdad22a03ec000191a09e'),
       ('677fdad42a03ec000191a19a', '677fdad12a03ec000191a04a', '677fdad22a03ec000191a09f'),
       ('677fdad42a03ec000191a19b', '677fdad12a03ec000191a04a', '677fdad22a03ec000191a0a8'),
       ('677fdad42a03ec000191a19c', '677fdad12a03ec000191a04a', '677fdad22a03ec000191a0a9'),
       ('677fdad42a03ec000191a19d', '677fdad12a03ec000191a04a', '677fdad22a03ec000191a0aa'),
       ('677fdad42a03ec000191a19e', '677fdad12a03ec000191a04a', '677fdad22a03ec000191a0ab'),
       ('677fdad42a03ec000191a19f', '677fdad12a03ec000191a04a', '677fdad22a03ec000191a0ac'),
       ('677fdad42a03ec000191a1a0', '677fdad12a03ec000191a04a', '677fdad22a03ec000191a094'),
       ('677fdad42a03ec000191a1a1', '677fdad12a03ec000191a04a', '677fdad22a03ec000191a095'),
       ('677fdad42a03ec000191a1a2', '677fdad12a03ec000191a04a', '677fdad22a03ec000191a096'),
       ('677fdad42a03ec000191a1a3', '677fdad12a03ec000191a04a', '677fdad22a03ec000191a097'),
       ('677fdad42a03ec000191a1a4', '677fdad12a03ec000191a04a', '677fdad22a03ec000191a0ad'),
       ('677fdad42a03ec000191a1a5', '677fdad12a03ec000191a04a', '677fdad22a03ec000191a0ae'),
       ('677fdad42a03ec000191a1a6', '677fdad12a03ec000191a04a', '677fdad22a03ec000191a0af'),
       ('677fdad42a03ec000191a1a7', '677fdad12a03ec000191a04a', '677fdad22a03ec000191a0b0'),
       ('677fdad42a03ec000191a1a8', '677fdad12a03ec000191a04a', '677fdad22a03ec000191a0b4'),
       ('677fdad42a03ec000191a1a9', '677fdad12a03ec000191a04a', '677fdad22a03ec000191a0b5'),
       ('677fdad42a03ec000191a1aa', '677fdad12a03ec000191a04a', '677fdad22a03ec000191a0b6'),
       ('677fdad42a03ec000191a1ab', '677fdad12a03ec000191a04a', '677fdad22a03ec000191a0b7'),
       ('677fdad42a03ec000191a1ac', '677fdad12a03ec000191a04a', '677fdad22a03ec000191a056'),
       ('677fdad42a03ec000191a1ad', '677fdad12a03ec000191a04a', '677fdad22a03ec000191a0b8'),
       ('677fdad42a03ec000191a1ae', '677fdad12a03ec000191a04a', '677fdad22a03ec000191a0b9'),
       ('677fdad42a03ec000191a1af', '677fdad12a03ec000191a04a', '677fdad22a03ec000191a0ba'),
       ('677fdad42a03ec000191a1b0', '677fdad12a03ec000191a04a', '677fdad22a03ec000191a0bb'),
       ('677fdad42a03ec000191a1b1', '677fdad12a03ec000191a04a', '677fdad22a03ec000191a0bc'),
       ('677fdad42a03ec000191a1b2', '677fdad12a03ec000191a04a', '677fdad22a03ec000191a0bd'),
       ('677fdad42a03ec000191a1b3', '677fdad12a03ec000191a04a', '677fdad22a03ec000191a0be'),
       ('677fdad42a03ec000191a1b4', '677fdad12a03ec000191a04a', '677fdad22a03ec000191a0bf'),
       ('677fdad42a03ec000191a1b5', '677fdad12a03ec000191a04a', '677fdad22a03ec000191a0c0'),
       ('677fdad42a03ec000191a1b6', '677fdad12a03ec000191a04a', '677fdad22a03ec000191a0c1'),
       ('677fdad42a03ec000191a1b7', '677fdad12a03ec000191a04a', '677fdad22a03ec000191a0c2'),
       ('677fdad42a03ec000191a1b8', '677fdad12a03ec000191a04a', '677fdad22a03ec000191a0c3'),
       ('677fdad42a03ec000191a1b9', '677fdad12a03ec000191a04a', '677fdad22a03ec000191a0c4'),
       ('677fdad42a03ec000191a1ba', '677fdad12a03ec000191a04a', '677fdad22a03ec000191a0c5'),
       ('677fdad42a03ec000191a1bb', '677fdad12a03ec000191a04a', '677fdad22a03ec000191a0c6'),
       ('677fdad42a03ec000191a1bc', '677fdad12a03ec000191a04a', '677fdad22a03ec000191a0c7'),
       ('677fdad42a03ec000191a1bd', '677fdad12a03ec000191a04a', '677fdad22a03ec000191a0c8'),
       ('677fdad42a03ec000191a1be', '677fdad12a03ec000191a04a', '677fdad22a03ec000191a0c9'),
       ('677fdad42a03ec000191a1bf', '677fdad12a03ec000191a04a', '677fdad22a03ec000191a0ca'),
       ('677fdad42a03ec000191a1c0', '677fdad12a03ec000191a04a', '677fdad22a03ec000191a0cb'),
       ('677fdad42a03ec000191a1c1', '677fdad12a03ec000191a04a', '677fdad22a03ec000191a0cc'),
       ('677fdad42a03ec000191a1c2', '677fdad12a03ec000191a04a', '677fdad22a03ec000191a0cd'),
       ('677fdad42a03ec000191a1c3', '677fdad12a03ec000191a046', '677fdad22a03ec000191a05b'),
       ('677fdad42a03ec000191a1c4', '677fdad12a03ec000191a046', '677fdad22a03ec000191a05c'),
       ('677fdad42a03ec000191a1c5', '677fdad12a03ec000191a046', '677fdad22a03ec000191a05d'),
       ('677fdad42a03ec000191a1c6', '677fdad12a03ec000191a046', '677fdad22a03ec000191a05e'),
       ('677fdad42a03ec000191a1c7', '677fdad12a03ec000191a046', '677fdad22a03ec000191a05f'),
       ('677fdad42a03ec000191a1c8', '677fdad12a03ec000191a046', '677fdad22a03ec000191a060'),
       ('677fdad42a03ec000191a1c9', '677fdad12a03ec000191a046', '677fdad22a03ec000191a061'),
       ('677fdad42a03ec000191a1ca', '677fdad12a03ec000191a046', '677fdad22a03ec000191a062'),
       ('677fdad42a03ec000191a1cb', '677fdad12a03ec000191a046', '677fdad22a03ec000191a099'),
       ('677fdad42a03ec000191a1cc', '677fdad12a03ec000191a046', '677fdad22a03ec000191a063'),
       ('677fdad42a03ec000191a1cd', '677fdad12a03ec000191a046', '677fdad22a03ec000191a064'),
       ('677fdad42a03ec000191a1ce', '677fdad12a03ec000191a046', '677fdad22a03ec000191a066'),
       ('677fdad42a03ec000191a1cf', '677fdad12a03ec000191a046', '677fdad22a03ec000191a067'),
       ('677fdad42a03ec000191a1d0', '677fdad12a03ec000191a046', '677fdad22a03ec000191a068'),
       ('677fdad42a03ec000191a1d1', '677fdad12a03ec000191a046', '677fdad22a03ec000191a069'),
       ('677fdad42a03ec000191a1d2', '677fdad12a03ec000191a046', '677fdad22a03ec000191a06a'),
       ('677fdad42a03ec000191a1d3', '677fdad12a03ec000191a046', '677fdad22a03ec000191a06b'),
       ('677fdad42a03ec000191a1d4', '677fdad12a03ec000191a046', '677fdad22a03ec000191a073'),
       ('677fdad42a03ec000191a1d5', '677fdad12a03ec000191a046', '677fdad22a03ec000191a074'),
       ('677fdad42a03ec000191a1d6', '677fdad12a03ec000191a046', '677fdad22a03ec000191a075'),
       ('677fdad42a03ec000191a1d7', '677fdad12a03ec000191a046', '677fdad22a03ec000191a076'),
       ('677fdad42a03ec000191a1d8', '677fdad12a03ec000191a046', '677fdad22a03ec000191a077'),
       ('677fdad42a03ec000191a1d9', '677fdad12a03ec000191a046', '677fdad22a03ec000191a078'),
       ('677fdad42a03ec000191a1da', '677fdad12a03ec000191a046', '677fdad22a03ec000191a079'),
       ('677fdad42a03ec000191a1db', '677fdad12a03ec000191a046', '677fdad22a03ec000191a07a'),
       ('677fdad42a03ec000191a1dc', '677fdad12a03ec000191a046', '677fdad22a03ec000191a07b'),
       ('677fdad42a03ec000191a1dd', '677fdad12a03ec000191a046', '677fdad22a03ec000191a07c'),
       ('677fdad42a03ec000191a1de', '677fdad12a03ec000191a046', '677fdad22a03ec000191a07d'),
       ('677fdad42a03ec000191a1df', '677fdad12a03ec000191a046', '677fdad22a03ec000191a07e'),
       ('677fdad42a03ec000191a1e0', '677fdad12a03ec000191a046', '677fdad22a03ec000191a06c'),
       ('677fdad42a03ec000191a1e1', '677fdad12a03ec000191a046', '677fdad22a03ec000191a06f'),
       ('677fdad42a03ec000191a1e2', '677fdad12a03ec000191a046', '677fdad22a03ec000191a09b'),
       ('677fdad42a03ec000191a1e3', '677fdad12a03ec000191a046', '677fdad22a03ec000191a09c'),
       ('677fdad42a03ec000191a1e4', '677fdad12a03ec000191a046', '677fdad22a03ec000191a09d'),
       ('677fdad42a03ec000191a1e5', '677fdad12a03ec000191a046', '677fdad22a03ec000191a09e'),
       ('677fdad42a03ec000191a1e6', '677fdad12a03ec000191a046', '677fdad22a03ec000191a09f'),
       ('677fdad42a03ec000191a1e7', '677fdad12a03ec000191a046', '677fdad22a03ec000191a0a8'),
       ('677fdad42a03ec000191a1e8', '677fdad12a03ec000191a046', '677fdad22a03ec000191a0a9'),
       ('677fdad42a03ec000191a1e9', '677fdad12a03ec000191a046', '677fdad22a03ec000191a0aa'),
       ('677fdad42a03ec000191a1ea', '677fdad12a03ec000191a046', '677fdad22a03ec000191a0ab'),
       ('677fdad42a03ec000191a1eb', '677fdad12a03ec000191a046', '677fdad22a03ec000191a0ac'),
       ('677fdad42a03ec000191a1ec', '677fdad12a03ec000191a046', '677fdad22a03ec000191a0a0'),
       ('677fdad42a03ec000191a1ed', '677fdad12a03ec000191a046', '677fdad22a03ec000191a0a1'),
       ('677fdad42a03ec000191a1ee', '677fdad12a03ec000191a046', '677fdad22a03ec000191a094'),
       ('677fdad42a03ec000191a1ef', '677fdad12a03ec000191a046', '677fdad22a03ec000191a095'),
       ('677fdad42a03ec000191a1f0', '677fdad12a03ec000191a046', '677fdad22a03ec000191a0b4'),
       ('677fdad42a03ec000191a1f1', '677fdad12a03ec000191a046', '677fdad22a03ec000191a0b5'),
       ('677fdad42a03ec000191a1f2', '677fdad12a03ec000191a046', '677fdad22a03ec000191a0c4'),
       ('677fdad42a03ec000191a1f3', '677fdad12a03ec000191a046', '677fdad22a03ec000191a0c5'),
       ('677fdad42a03ec000191a1f4', '677fdad12a03ec000191a046', '677fdad22a03ec000191a0c6'),
       ('677fdad42a03ec000191a1f5', '677fdad12a03ec000191a046', '677fdad22a03ec000191a0c7'),
       ('677fdad42a03ec000191a1f6', '677fdad12a03ec000191a046', '677fdad22a03ec000191a0c8'),
       ('677fdad42a03ec000191a1f7', '677fdad12a03ec000191a046', '677fdad22a03ec000191a0c9'),
       ('677fdad42a03ec000191a1f8', '677fdad12a03ec000191a046', '677fdad22a03ec000191a0ca'),
       ('677fdad42a03ec000191a1f9', '677fdad12a03ec000191a047', '677fdad22a03ec000191a05e'),
       ('677fdad42a03ec000191a1fa', '677fdad12a03ec000191a047', '677fdad22a03ec000191a05f'),
       ('677fdad42a03ec000191a1fb', '677fdad12a03ec000191a047', '677fdad22a03ec000191a060'),
       ('677fdad42a03ec000191a1fc', '677fdad12a03ec000191a047', '677fdad22a03ec000191a061'),
       ('677fdad42a03ec000191a1fd', '677fdad12a03ec000191a047', '677fdad22a03ec000191a062'),
       ('677fdad42a03ec000191a1fe', '677fdad12a03ec000191a047', '677fdad22a03ec000191a063'),
       ('677fdad42a03ec000191a1ff', '677fdad12a03ec000191a047', '677fdad22a03ec000191a064'),
       ('677fdad42a03ec000191a200', '677fdad12a03ec000191a047', '677fdad22a03ec000191a066'),
       ('677fdad42a03ec000191a201', '677fdad12a03ec000191a047', '677fdad22a03ec000191a067'),
       ('677fdad42a03ec000191a202', '677fdad12a03ec000191a047', '677fdad22a03ec000191a068'),
       ('677fdad42a03ec000191a203', '677fdad12a03ec000191a047', '677fdad22a03ec000191a06a'),
       ('677fdad42a03ec000191a204', '677fdad12a03ec000191a047', '677fdad22a03ec000191a073'),
       ('677fdad42a03ec000191a205', '677fdad12a03ec000191a047', '677fdad22a03ec000191a074'),
       ('677fdad42a03ec000191a206', '677fdad12a03ec000191a047', '677fdad22a03ec000191a079'),
       ('677fdad42a03ec000191a207', '677fdad12a03ec000191a047', '677fdad22a03ec000191a06c'),
       ('677fdad42a03ec000191a208', '677fdad12a03ec000191a047', '677fdad22a03ec000191a06f'),
       ('677fdad42a03ec000191a209', '677fdad12a03ec000191a047', '677fdad22a03ec000191a09b'),
       ('677fdad42a03ec000191a20a', '677fdad12a03ec000191a047', '677fdad22a03ec000191a09e'),
       ('677fdad42a03ec000191a20b', '677fdad12a03ec000191a047', '677fdad22a03ec000191a0a8'),
       ('677fdad42a03ec000191a20c', '677fdad12a03ec000191a047', '677fdad22a03ec000191a0a9'),
       ('677fdad42a03ec000191a20d', '677fdad12a03ec000191a047', '677fdad22a03ec000191a0a0'),
       ('677fdad42a03ec000191a20e', '677fdad12a03ec000191a047', '677fdad22a03ec000191a0a1'),
       ('677fdad42a03ec000191a20f', '677fdad12a03ec000191a047', '677fdad22a03ec000191a094'),
       ('677fdad42a03ec000191a210', '677fdad12a03ec000191a047', '677fdad22a03ec000191a095'),
       ('677fdad42a03ec000191a211', '677fdad12a03ec000191a047', '677fdad22a03ec000191a0b4'),
       ('677fdad42a03ec000191a212', '677fdad12a03ec000191a047', '677fdad22a03ec000191a0b5'),
       ('677fdad42a03ec000191a213', '677fdad12a03ec000191a047', '677fdad22a03ec000191a0c4'),
       ('677fdad42a03ec000191a214', '677fdad12a03ec000191a047', '677fdad22a03ec000191a0c5'),
       ('677fdad42a03ec000191a215', '677fdad12a03ec000191a047', '677fdad22a03ec000191a0c7'),
       ('677fdad42a03ec000191a216', '677fdad12a03ec000191a047', '677fdad22a03ec000191a0c9'),
       ('677fdad42a03ec000191a217', '677fdad12a03ec000191a047', '677fdad22a03ec000191a0ca'),
       ('677fdad42a03ec000191a218', '677fdad12a03ec000191a048', '677fdad22a03ec000191a05e'),
       ('677fdad42a03ec000191a219', '677fdad12a03ec000191a048', '677fdad22a03ec000191a05f'),
       ('677fdad42a03ec000191a21a', '677fdad12a03ec000191a048', '677fdad22a03ec000191a060'),
       ('677fdad42a03ec000191a21b', '677fdad12a03ec000191a048', '677fdad22a03ec000191a061'),
       ('677fdad42a03ec000191a21c', '677fdad12a03ec000191a048', '677fdad22a03ec000191a062'),
       ('677fdad42a03ec000191a21d', '677fdad12a03ec000191a048', '677fdad22a03ec000191a063'),
       ('677fdad42a03ec000191a21e', '677fdad12a03ec000191a048', '677fdad22a03ec000191a064'),
       ('677fdad42a03ec000191a21f', '677fdad12a03ec000191a048', '677fdad22a03ec000191a066'),
       ('677fdad42a03ec000191a220', '677fdad12a03ec000191a048', '677fdad22a03ec000191a067'),
       ('677fdad42a03ec000191a221', '677fdad12a03ec000191a048', '677fdad22a03ec000191a068'),
       ('677fdad42a03ec000191a222', '677fdad12a03ec000191a048', '677fdad22a03ec000191a073'),
       ('677fdad42a03ec000191a223', '677fdad12a03ec000191a048', '677fdad22a03ec000191a074'),
       ('677fdad42a03ec000191a224', '677fdad12a03ec000191a048', '677fdad22a03ec000191a079'),
       ('677fdad42a03ec000191a225', '677fdad12a03ec000191a048', '677fdad22a03ec000191a06c'),
       ('677fdad42a03ec000191a226', '677fdad12a03ec000191a048', '677fdad22a03ec000191a09b'),
       ('677fdad42a03ec000191a227', '677fdad12a03ec000191a048', '677fdad22a03ec000191a09e'),
       ('677fdad42a03ec000191a228', '677fdad12a03ec000191a048', '677fdad22a03ec000191a0a8'),
       ('677fdad42a03ec000191a229', '677fdad12a03ec000191a048', '677fdad22a03ec000191a0a9'),
       ('677fdad42a03ec000191a22a', '677fdad12a03ec000191a048', '677fdad22a03ec000191a0c4'),
       ('677fdad42a03ec000191a22b', '677fdad12a03ec000191a048', '677fdad22a03ec000191a0c5'),
       ('677fdad42a03ec000191a22c', '677fdad12a03ec000191a048', '677fdad22a03ec000191a0c9'),
       ('677fdad42a03ec000191a22d', '677fdad12a03ec000191a048', '677fdad22a03ec000191a0ca');
/*!40000 ALTER TABLE `permissions_roles` ENABLE KEYS */;
UNLOCK
TABLES;

--
-- Table structure for table `permissions_users`
--

DROP TABLE IF EXISTS `permissions_users`;
/*!40101 SET @saved_cs_client     = @@character_set_client */;
/*!50503 SET character_set_client = utf8mb4 */;
CREATE TABLE `permissions_users`
(
    `id`            varchar(24) NOT NULL,
    `user_id`       varchar(24) NOT NULL,
    `permission_id` varchar(24) NOT NULL,
    PRIMARY KEY (`id`)
) ENGINE=InnoDB DEFAULT CHARSET=utf8mb4 COLLATE=utf8mb4_0900_ai_ci;
/*!40101 SET character_set_client = @saved_cs_client */;

--
-- Dumping data for table `permissions_users`
--

LOCK
TABLES `permissions_users` WRITE;
/*!40000 ALTER TABLE `permissions_users` DISABLE KEYS */;
/*!40000 ALTER TABLE `permissions_users` ENABLE KEYS */;
UNLOCK
TABLES;

--
-- Table structure for table `post_revisions`
--

DROP TABLE IF EXISTS `post_revisions`;
/*!40101 SET @saved_cs_client     = @@character_set_client */;
/*!50503 SET character_set_client = utf8mb4 */;
CREATE TABLE `post_revisions`
(
    `id`                    varchar(24) NOT NULL,
    `post_id`               varchar(24) NOT NULL,
    `lexical`               longtext,
    `created_at_ts`         bigint      NOT NULL,
    `created_at`            datetime    NOT NULL,
    `author_id`             varchar(24)   DEFAULT NULL,
    `title`                 varchar(2000) DEFAULT NULL,
    `post_status`           varchar(50)   DEFAULT NULL,
    `reason`                varchar(50)   DEFAULT NULL,
    `feature_image`         varchar(2000) DEFAULT NULL,
    `feature_image_alt`     varchar(191)  DEFAULT NULL,
    `feature_image_caption` text,
    PRIMARY KEY (`id`),
    KEY                     `post_revisions_post_id_index` (`post_id`),
    KEY                     `post_revs_author_id_foreign` (`author_id`),
    CONSTRAINT `post_revs_author_id_foreign` FOREIGN KEY (`author_id`) REFERENCES `users` (`id`)
) ENGINE=InnoDB DEFAULT CHARSET=utf8mb4 COLLATE=utf8mb4_0900_ai_ci;
/*!40101 SET character_set_client = @saved_cs_client */;

--
-- Dumping data for table `post_revisions`
--

LOCK
TABLES `post_revisions` WRITE;
/*!40000 ALTER TABLE `post_revisions` DISABLE KEYS */;
/*!40000 ALTER TABLE `post_revisions` ENABLE KEYS */;
UNLOCK
TABLES;

--
-- Table structure for table `posts`
--

DROP TABLE IF EXISTS `posts`;
/*!40101 SET @saved_cs_client     = @@character_set_client */;
/*!50503 SET character_set_client = utf8mb4 */;
CREATE TABLE `posts`
(
    `id`                           varchar(24)   NOT NULL,
    `uuid`                         varchar(36)   NOT NULL,
    `title`                        varchar(2000) NOT NULL,
    `slug`                         varchar(191)  NOT NULL,
    `mobiledoc`                    longtext,
    `lexical`                      longtext,
    `html`                         longtext,
    `comment_id`                   varchar(50)            DEFAULT NULL,
    `plaintext`                    longtext,
    `feature_image`                varchar(2000)          DEFAULT NULL,
    `featured`                     tinyint(1) NOT NULL DEFAULT '0',
    `type`                         varchar(50)   NOT NULL DEFAULT 'post',
    `status`                       varchar(50)   NOT NULL DEFAULT 'draft',
    `locale`                       varchar(6)             DEFAULT NULL,
    `visibility`                   varchar(50)   NOT NULL DEFAULT 'public',
    `email_recipient_filter`       text          NOT NULL,
    `created_at`                   datetime      NOT NULL,
    `created_by`                   varchar(24)   NOT NULL,
    `updated_at`                   datetime               DEFAULT NULL,
    `updated_by`                   varchar(24)            DEFAULT NULL,
    `published_at`                 datetime               DEFAULT NULL,
    `published_by`                 varchar(24)            DEFAULT NULL,
    `custom_excerpt`               varchar(2000)          DEFAULT NULL,
    `codeinjection_head`           text,
    `codeinjection_foot`           text,
    `custom_template`              varchar(100)           DEFAULT NULL,
    `canonical_url`                text,
    `newsletter_id`                varchar(24)            DEFAULT NULL,
    `show_title_and_feature_image` tinyint(1) NOT NULL DEFAULT '1',
    PRIMARY KEY (`id`),
    UNIQUE KEY `posts_slug_type_unique` (`slug`,`type`),
    KEY                            `posts_published_at_index` (`published_at`),
    KEY                            `posts_newsletter_id_foreign` (`newsletter_id`),
    CONSTRAINT `posts_newsletter_id_foreign` FOREIGN KEY (`newsletter_id`) REFERENCES `newsletters` (`id`)
) ENGINE=InnoDB DEFAULT CHARSET=utf8mb4 COLLATE=utf8mb4_0900_ai_ci;
/*!40101 SET character_set_client = @saved_cs_client */;

--
-- Dumping data for table `posts`
--

LOCK
TABLES `posts` WRITE;
/*!40000 ALTER TABLE `posts` DISABLE KEYS */;
INSERT INTO `posts` (`id`, `uuid`, `title`, `slug`, `mobiledoc`, `lexical`, `html`, `comment_id`, `plaintext`,
                     `feature_image`, `featured`, `type`, `status`, `locale`, `visibility`, `email_recipient_filter`,
                     `created_at`, `created_by`, `updated_at`, `updated_by`, `published_at`, `published_by`,
                     `custom_excerpt`, `codeinjection_head`, `codeinjection_foot`, `custom_template`, `canonical_url`,
                     `newsletter_id`, `show_title_and_feature_image`)
VALUES ('677fdad22a03ec000191a0ce', 'd210100d-b7f9-44ba-8b26-13b733656ce3', 'Coming soon', 'coming-soon',
        '{\"version\":\"0.3.1\",\"atoms\":[],\"cards\":[],\"markups\":[[\"a\",[\"href\",\"#/portal/\"]]],\"sections\":[[1,\"p\",[[0,[],0,\"This is The daily awesome, a brand new site by Blog Boss that\'s just getting started. Things will be up and running here shortly,
        but you can \"],[0,[0],1,\"subscribe\"],[0,[],0,\" in the meantime if you\'d like to stay up to date and receive emails when new content is published!\"]]]],\"ghostVersion\":\"4.0\"}',NULL,'<p>This is The daily awesome, a brand new site by Blog Boss that\'s just getting started. Things will be up and running here shortly, but you can <a href=\"#/portal/\">subscribe</a> in the meantime if you\'d like to stay up to date and receive emails when new content is published!</p>','677fdad22a03ec000191a0ce','This is The daily awesome, a brand new site by Blog Boss that\'s just getting started. Things will be up and running here shortly, but you can subscribe in the meantime if you\'d like to stay up to date and receive emails when new content is published!','https://static.ghost.org/v4.0.0/images/feature-image.jpg',0,'post','published',NULL,'public','all','2025-01-09 14:18:58','1','2025-01-09 14:36:03','677fdad22a03ec000191a0ce','2025-01-09 14:18:58','1',NULL,NULL,NULL,NULL,NULL,NULL,1),('677fdad32a03ec000191a0d0','9d36d2c7-498a-439d-a3d2-4268dc6b9a21','About this site','about','{\"version\":\"0.3.1\",\"atoms\":[],\"cards\":[[\"hr\",{}]],\"markups\":[[\"a\",[\"href\",\"https://ghost.org\"]]],\"sections\":[[1,\"p\",[[0,[],0,\"The daily awesome is an independent publication launched in January 2025 by Blog Boss. If you subscribe today, you\'ll get full access to the website as well as email newsletters about new content when it\'s available. Your subscription makes this site possible, and allows The daily awesome to continue to exist. Thank you!\"]]],[1,\"h3\",[[0,[],0,\"Access all areas\"]]],[1,\"p\",[[0,[],0,\"By signing up, you\'ll get access to the full archive of everything that\'s been published before and everything that\'s still to come. Your very own private library.\"]]],[1,\"h3\",[[0,[],0,\"Fresh content, delivered\"]]],[1,\"p\",[[0,[],0,\"Stay up to date with new content sent straight to your inbox! No more worrying about whether you missed something because of a pesky algorithm or news feed.\"]]],[1,\"h3\",[[0,[],0,\"Meet people like you\"]]],[1,\"p\",[[0,[],0,\"Join a community of other subscribers who share the same interests.\"]]],[10,0],[1,\"h3\",[[0,[],0,\"Start your own thing\"]]],[1,\"p\",[[0,[],0,\"Enjoying the experience? Get started for free and set up your very own subscription business using \"],[0,[0],1,\"Ghost\"],[0,[],0,\", the same platform that powers this website.\"]]]],\"ghostVersion\":\"4.0\"}',NULL,'<p>The daily awesome is an independent publication launched in January 2025 by Blog Boss. If you subscribe today, you\'ll get full access to the website as well as email newsletters about new content when it\'s available. Your subscription makes this site possible, and allows The daily awesome to continue to exist. Thank you!</p><h3 id=\"access-all-areas\">Access all areas</h3><p>By signing up, you\'ll get access to the full archive of everything that\'s been published before and everything that\'s still to come. Your very own private library.</p><h3 id=\"fresh-content-delivered\">Fresh content, delivered</h3><p>Stay up to date with new content sent straight to your inbox! No more worrying about whether you missed something because of a pesky algorithm or news feed.</p><h3 id=\"meet-people-like-you\">Meet people like you</h3><p>Join a community of other subscribers who share the same interests.</p><hr><h3 id=\"start-your-own-thing\">Start your own thing</h3><p>Enjoying the experience? Get started for free and set up your very own subscription business using <a href=\"https://ghost.org\">Ghost</a>, the same platform that powers this website.</p>','677fdad32a03ec000191a0d0','The daily awesome is an independent publication launched in January 2025 by Blog Boss. If you subscribe today, you\'ll get full access to the website as well as email newsletters about new content when it\'s available. Your subscription makes this site possible, and allows The daily awesome to continue to exist. Thank you!\n\n\nAccess all areas\n\nBy signing up, you\'ll get access to the full archive of everything that\'s been published before and everything that\'s still to come. Your very own private library.\n\n\nFresh content, delivered\n\nStay up to date with new content sent straight to your inbox! No more worrying about whether you missed something because of a pesky algorithm or news feed.\n\n\nMeet people like you\n\nJoin a community of other subscribers who share the same interests.\n\n\nStart your own thing\n\nEnjoying the experience? Get started for free and set up your very own subscription business using Ghost, the same platform that powers this website.',NULL,0,'page','published',NULL,'public','all','2025-01-09 14:18:59','1','2025-01-09 14:36:03','677fdad32a03ec000191a0d0','2025-01-09 14:18:59','1',NULL,NULL,NULL,NULL,NULL,NULL,1);
/*!40000 ALTER TABLE `posts` ENABLE KEYS */;
UNLOCK
TABLES;

--
-- Table structure for table `posts_authors`
--

DROP TABLE IF EXISTS `posts_authors`;
/*!40101 SET @saved_cs_client     = @@character_set_client */;
/*!50503 SET character_set_client = utf8mb4 */;
CREATE TABLE `posts_authors`
(
    `id`         varchar(24) NOT NULL,
    `post_id`    varchar(24) NOT NULL,
    `author_id`  varchar(24) NOT NULL,
    `sort_order` int unsigned NOT NULL DEFAULT '0',
    PRIMARY KEY (`id`),
    KEY          `posts_authors_post_id_foreign` (`post_id`),
    KEY          `posts_authors_author_id_foreign` (`author_id`),
    CONSTRAINT `posts_authors_author_id_foreign` FOREIGN KEY (`author_id`) REFERENCES `users` (`id`),
    CONSTRAINT `posts_authors_post_id_foreign` FOREIGN KEY (`post_id`) REFERENCES `posts` (`id`)
) ENGINE=InnoDB DEFAULT CHARSET=utf8mb4 COLLATE=utf8mb4_0900_ai_ci;
/*!40101 SET character_set_client = @saved_cs_client */;

--
-- Dumping data for table `posts_authors`
--

LOCK
TABLES `posts_authors` WRITE;
/*!40000 ALTER TABLE `posts_authors` DISABLE KEYS */;
INSERT INTO `posts_authors` (`id`, `post_id`, `author_id`, `sort_order`)
VALUES ('677fdad32a03ec000191a0cf', '677fdad22a03ec000191a0ce', '1', 0),
       ('677fdad32a03ec000191a0d1', '677fdad32a03ec000191a0d0', '1', 0);
/*!40000 ALTER TABLE `posts_authors` ENABLE KEYS */;
UNLOCK
TABLES;

--
-- Table structure for table `posts_meta`
--

DROP TABLE IF EXISTS `posts_meta`;
/*!40101 SET @saved_cs_client     = @@character_set_client */;
/*!50503 SET character_set_client = utf8mb4 */;
CREATE TABLE `posts_meta`
(
    `id`                    varchar(24) NOT NULL,
    `post_id`               varchar(24) NOT NULL,
    `og_image`              varchar(2000) DEFAULT NULL,
    `og_title`              varchar(300)  DEFAULT NULL,
    `og_description`        varchar(500)  DEFAULT NULL,
    `twitter_image`         varchar(2000) DEFAULT NULL,
    `twitter_title`         varchar(300)  DEFAULT NULL,
    `twitter_description`   varchar(500)  DEFAULT NULL,
    `meta_title`            varchar(2000) DEFAULT NULL,
    `meta_description`      varchar(2000) DEFAULT NULL,
    `email_subject`         varchar(300)  DEFAULT NULL,
    `frontmatter`           text,
    `feature_image_alt`     varchar(191)  DEFAULT NULL,
    `feature_image_caption` text,
    `email_only`            tinyint(1) NOT NULL DEFAULT '0',
    PRIMARY KEY (`id`),
    UNIQUE KEY `posts_meta_post_id_unique` (`post_id`),
    CONSTRAINT `posts_meta_post_id_foreign` FOREIGN KEY (`post_id`) REFERENCES `posts` (`id`)
) ENGINE=InnoDB DEFAULT CHARSET=utf8mb4 COLLATE=utf8mb4_0900_ai_ci;
/*!40101 SET character_set_client = @saved_cs_client */;

--
-- Dumping data for table `posts_meta`
--

LOCK
TABLES `posts_meta` WRITE;
/*!40000 ALTER TABLE `posts_meta` DISABLE KEYS */;
/*!40000 ALTER TABLE `posts_meta` ENABLE KEYS */;
UNLOCK
TABLES;

--
-- Table structure for table `posts_products`
--

DROP TABLE IF EXISTS `posts_products`;
/*!40101 SET @saved_cs_client     = @@character_set_client */;
/*!50503 SET character_set_client = utf8mb4 */;
CREATE TABLE `posts_products`
(
    `id`         varchar(24) NOT NULL,
    `post_id`    varchar(24) NOT NULL,
    `product_id` varchar(24) NOT NULL,
    `sort_order` int unsigned NOT NULL DEFAULT '0',
    PRIMARY KEY (`id`),
    KEY          `posts_products_post_id_foreign` (`post_id`),
    KEY          `posts_products_product_id_foreign` (`product_id`),
    CONSTRAINT `posts_products_post_id_foreign` FOREIGN KEY (`post_id`) REFERENCES `posts` (`id`) ON DELETE CASCADE,
    CONSTRAINT `posts_products_product_id_foreign` FOREIGN KEY (`product_id`) REFERENCES `products` (`id`) ON DELETE CASCADE
) ENGINE=InnoDB DEFAULT CHARSET=utf8mb4 COLLATE=utf8mb4_0900_ai_ci;
/*!40101 SET character_set_client = @saved_cs_client */;

--
-- Dumping data for table `posts_products`
--

LOCK
TABLES `posts_products` WRITE;
/*!40000 ALTER TABLE `posts_products` DISABLE KEYS */;
/*!40000 ALTER TABLE `posts_products` ENABLE KEYS */;
UNLOCK
TABLES;

--
-- Table structure for table `posts_tags`
--

DROP TABLE IF EXISTS `posts_tags`;
/*!40101 SET @saved_cs_client     = @@character_set_client */;
/*!50503 SET character_set_client = utf8mb4 */;
CREATE TABLE `posts_tags`
(
    `id`         varchar(24) NOT NULL,
    `post_id`    varchar(24) NOT NULL,
    `tag_id`     varchar(24) NOT NULL,
    `sort_order` int unsigned NOT NULL DEFAULT '0',
    PRIMARY KEY (`id`),
    KEY          `posts_tags_post_id_foreign` (`post_id`),
    KEY          `posts_tags_tag_id_foreign` (`tag_id`),
    CONSTRAINT `posts_tags_post_id_foreign` FOREIGN KEY (`post_id`) REFERENCES `posts` (`id`),
    CONSTRAINT `posts_tags_tag_id_foreign` FOREIGN KEY (`tag_id`) REFERENCES `tags` (`id`)
) ENGINE=InnoDB DEFAULT CHARSET=utf8mb4 COLLATE=utf8mb4_0900_ai_ci;
/*!40101 SET character_set_client = @saved_cs_client */;

--
-- Dumping data for table `posts_tags`
--

LOCK
TABLES `posts_tags` WRITE;
/*!40000 ALTER TABLE `posts_tags` DISABLE KEYS */;
INSERT INTO `posts_tags` (`id`, `post_id`, `tag_id`, `sort_order`)
VALUES ('677fdad42a03ec000191a22e', '677fdad22a03ec000191a0ce', '677fdad22a03ec000191a055', 0);
/*!40000 ALTER TABLE `posts_tags` ENABLE KEYS */;
UNLOCK
TABLES;

--
-- Table structure for table `products`
--

DROP TABLE IF EXISTS `products`;
/*!40101 SET @saved_cs_client     = @@character_set_client */;
/*!50503 SET character_set_client = utf8mb4 */;
CREATE TABLE `products`
(
    `id`               varchar(24)  NOT NULL,
    `name`             varchar(191) NOT NULL,
    `slug`             varchar(191) NOT NULL,
    `active`           tinyint(1) NOT NULL DEFAULT '1',
    `welcome_page_url` varchar(2000)         DEFAULT NULL,
    `visibility`       varchar(50)  NOT NULL DEFAULT 'none',
    `trial_days`       int unsigned NOT NULL DEFAULT '0',
    `description`      varchar(191)          DEFAULT NULL,
    `type`             varchar(50)  NOT NULL DEFAULT 'paid',
    `currency`         varchar(50)           DEFAULT NULL,
    `monthly_price`    int unsigned DEFAULT NULL,
    `yearly_price`     int unsigned DEFAULT NULL,
    `created_at`       datetime     NOT NULL,
    `updated_at`       datetime              DEFAULT NULL,
    `monthly_price_id` varchar(24)           DEFAULT NULL,
    `yearly_price_id`  varchar(24)           DEFAULT NULL,
    PRIMARY KEY (`id`),
    UNIQUE KEY `products_slug_unique` (`slug`)
) ENGINE=InnoDB DEFAULT CHARSET=utf8mb4 COLLATE=utf8mb4_0900_ai_ci;
/*!40101 SET character_set_client = @saved_cs_client */;

--
-- Dumping data for table `products`
--

LOCK
TABLES `products` WRITE;
/*!40000 ALTER TABLE `products` DISABLE KEYS */;
INSERT INTO `products` (`id`, `name`, `slug`, `active`, `welcome_page_url`, `visibility`, `trial_days`, `description`,
                        `type`, `currency`, `monthly_price`, `yearly_price`, `created_at`, `updated_at`,
                        `monthly_price_id`, `yearly_price_id`)
VALUES ('677fdad22a03ec000191a052', 'Free', 'free', 1, NULL, 'public', 0, NULL, 'free', NULL, NULL, NULL,
        '2025-01-09 14:18:58', '2025-01-09 14:18:58', NULL, NULL),
       ('677fdad22a03ec000191a053', 'The daily awesome', 'default-product', 1, NULL, 'public', 0, NULL, 'paid', 'USD',
        500, 5000, '2025-01-09 14:18:58', '2025-01-09 14:36:03', NULL, NULL);
/*!40000 ALTER TABLE `products` ENABLE KEYS */;
UNLOCK
TABLES;

--
-- Table structure for table `products_benefits`
--

DROP TABLE IF EXISTS `products_benefits`;
/*!40101 SET @saved_cs_client     = @@character_set_client */;
/*!50503 SET character_set_client = utf8mb4 */;
CREATE TABLE `products_benefits`
(
    `id`         varchar(24) NOT NULL,
    `product_id` varchar(24) NOT NULL,
    `benefit_id` varchar(24) NOT NULL,
    `sort_order` int unsigned NOT NULL DEFAULT '0',
    PRIMARY KEY (`id`),
    KEY          `products_benefits_product_id_foreign` (`product_id`),
    KEY          `products_benefits_benefit_id_foreign` (`benefit_id`),
    CONSTRAINT `products_benefits_benefit_id_foreign` FOREIGN KEY (`benefit_id`) REFERENCES `benefits` (`id`) ON DELETE CASCADE,
    CONSTRAINT `products_benefits_product_id_foreign` FOREIGN KEY (`product_id`) REFERENCES `products` (`id`) ON DELETE CASCADE
) ENGINE=InnoDB DEFAULT CHARSET=utf8mb4 COLLATE=utf8mb4_0900_ai_ci;
/*!40101 SET character_set_client = @saved_cs_client */;

--
-- Dumping data for table `products_benefits`
--

LOCK
TABLES `products_benefits` WRITE;
/*!40000 ALTER TABLE `products_benefits` DISABLE KEYS */;
/*!40000 ALTER TABLE `products_benefits` ENABLE KEYS */;
UNLOCK
TABLES;

--
-- Table structure for table `recommendation_click_events`
--

DROP TABLE IF EXISTS `recommendation_click_events`;
/*!40101 SET @saved_cs_client     = @@character_set_client */;
/*!50503 SET character_set_client = utf8mb4 */;
CREATE TABLE `recommendation_click_events`
(
    `id`                varchar(24) NOT NULL,
    `recommendation_id` varchar(24) NOT NULL,
    `member_id`         varchar(24) DEFAULT NULL,
    `created_at`        datetime    NOT NULL,
    PRIMARY KEY (`id`),
    KEY                 `recommendation_click_events_recommendation_id_foreign` (`recommendation_id`),
    KEY                 `recommendation_click_events_member_id_foreign` (`member_id`),
    CONSTRAINT `recommendation_click_events_member_id_foreign` FOREIGN KEY (`member_id`) REFERENCES `members` (`id`) ON DELETE SET NULL,
    CONSTRAINT `recommendation_click_events_recommendation_id_foreign` FOREIGN KEY (`recommendation_id`) REFERENCES `recommendations` (`id`) ON DELETE CASCADE
) ENGINE=InnoDB DEFAULT CHARSET=utf8mb4 COLLATE=utf8mb4_0900_ai_ci;
/*!40101 SET character_set_client = @saved_cs_client */;

--
-- Dumping data for table `recommendation_click_events`
--

LOCK
TABLES `recommendation_click_events` WRITE;
/*!40000 ALTER TABLE `recommendation_click_events` DISABLE KEYS */;
/*!40000 ALTER TABLE `recommendation_click_events` ENABLE KEYS */;
UNLOCK
TABLES;

--
-- Table structure for table `recommendation_subscribe_events`
--

DROP TABLE IF EXISTS `recommendation_subscribe_events`;
/*!40101 SET @saved_cs_client     = @@character_set_client */;
/*!50503 SET character_set_client = utf8mb4 */;
CREATE TABLE `recommendation_subscribe_events`
(
    `id`                varchar(24) NOT NULL,
    `recommendation_id` varchar(24) NOT NULL,
    `member_id`         varchar(24) DEFAULT NULL,
    `created_at`        datetime    NOT NULL,
    PRIMARY KEY (`id`),
    KEY                 `recommendation_subscribe_events_recommendation_id_foreign` (`recommendation_id`),
    KEY                 `recommendation_subscribe_events_member_id_foreign` (`member_id`),
    CONSTRAINT `recommendation_subscribe_events_member_id_foreign` FOREIGN KEY (`member_id`) REFERENCES `members` (`id`) ON DELETE SET NULL,
    CONSTRAINT `recommendation_subscribe_events_recommendation_id_foreign` FOREIGN KEY (`recommendation_id`) REFERENCES `recommendations` (`id`) ON DELETE CASCADE
) ENGINE=InnoDB DEFAULT CHARSET=utf8mb4 COLLATE=utf8mb4_0900_ai_ci;
/*!40101 SET character_set_client = @saved_cs_client */;

--
-- Dumping data for table `recommendation_subscribe_events`
--

LOCK
TABLES `recommendation_subscribe_events` WRITE;
/*!40000 ALTER TABLE `recommendation_subscribe_events` DISABLE KEYS */;
/*!40000 ALTER TABLE `recommendation_subscribe_events` ENABLE KEYS */;
UNLOCK
TABLES;

--
-- Table structure for table `recommendations`
--

DROP TABLE IF EXISTS `recommendations`;
/*!40101 SET @saved_cs_client     = @@character_set_client */;
/*!50503 SET character_set_client = utf8mb4 */;
CREATE TABLE `recommendations`
(
    `id`                  varchar(24)   NOT NULL,
    `url`                 varchar(2000) NOT NULL,
    `title`               varchar(2000) NOT NULL,
    `excerpt`             varchar(2000) DEFAULT NULL,
    `featured_image`      varchar(2000) DEFAULT NULL,
    `favicon`             varchar(2000) DEFAULT NULL,
    `description`         varchar(2000) DEFAULT NULL,
    `one_click_subscribe` tinyint(1) NOT NULL DEFAULT '0',
    `created_at`          datetime      NOT NULL,
    `updated_at`          datetime      DEFAULT NULL,
    PRIMARY KEY (`id`)
) ENGINE=InnoDB DEFAULT CHARSET=utf8mb4 COLLATE=utf8mb4_0900_ai_ci;
/*!40101 SET character_set_client = @saved_cs_client */;

--
-- Dumping data for table `recommendations`
--

LOCK
TABLES `recommendations` WRITE;
/*!40000 ALTER TABLE `recommendations` DISABLE KEYS */;
/*!40000 ALTER TABLE `recommendations` ENABLE KEYS */;
UNLOCK
TABLES;

--
-- Table structure for table `redirects`
--

DROP TABLE IF EXISTS `redirects`;
/*!40101 SET @saved_cs_client     = @@character_set_client */;
/*!50503 SET character_set_client = utf8mb4 */;
CREATE TABLE `redirects`
(
    `id`         varchar(24)   NOT NULL,
    `from`       varchar(2000) NOT NULL,
    `to`         varchar(2000) NOT NULL,
    `post_id`    varchar(24) DEFAULT NULL,
    `created_at` datetime      NOT NULL,
    `updated_at` datetime    DEFAULT NULL,
    PRIMARY KEY (`id`),
    KEY          `redirects_post_id_foreign` (`post_id`),
    CONSTRAINT `redirects_post_id_foreign` FOREIGN KEY (`post_id`) REFERENCES `posts` (`id`) ON DELETE SET NULL
) ENGINE=InnoDB DEFAULT CHARSET=utf8mb4 COLLATE=utf8mb4_0900_ai_ci;
/*!40101 SET character_set_client = @saved_cs_client */;

--
-- Dumping data for table `redirects`
--

LOCK
TABLES `redirects` WRITE;
/*!40000 ALTER TABLE `redirects` DISABLE KEYS */;
/*!40000 ALTER TABLE `redirects` ENABLE KEYS */;
UNLOCK
TABLES;

--
-- Table structure for table `roles`
--

DROP TABLE IF EXISTS `roles`;
/*!40101 SET @saved_cs_client     = @@character_set_client */;
/*!50503 SET character_set_client = utf8mb4 */;
CREATE TABLE `roles`
(
    `id`          varchar(24) NOT NULL,
    `name`        varchar(50) NOT NULL,
    `description` varchar(2000) DEFAULT NULL,
    `created_at`  datetime    NOT NULL,
    `created_by`  varchar(24) NOT NULL,
    `updated_at`  datetime      DEFAULT NULL,
    `updated_by`  varchar(24)   DEFAULT NULL,
    PRIMARY KEY (`id`),
    UNIQUE KEY `roles_name_unique` (`name`)
) ENGINE=InnoDB DEFAULT CHARSET=utf8mb4 COLLATE=utf8mb4_0900_ai_ci;
/*!40101 SET character_set_client = @saved_cs_client */;

--
-- Dumping data for table `roles`
--

LOCK
TABLES `roles` WRITE;
/*!40000 ALTER TABLE `roles` DISABLE KEYS */;
INSERT INTO `roles` (`id`, `name`, `description`, `created_at`, `created_by`, `updated_at`, `updated_by`)
VALUES ('677fdad12a03ec000191a045', 'Administrator', 'Administrators', '2025-01-09 14:18:57', '1',
        '2025-01-09 14:18:57', '1'),
       ('677fdad12a03ec000191a046', 'Editor', 'Editors', '2025-01-09 14:18:57', '1', '2025-01-09 14:18:57', '1'),
       ('677fdad12a03ec000191a047', 'Author', 'Authors', '2025-01-09 14:18:57', '1', '2025-01-09 14:18:57', '1'),
       ('677fdad12a03ec000191a048', 'Contributor', 'Contributors', '2025-01-09 14:18:57', '1', '2025-01-09 14:18:57',
        '1'),
       ('677fdad12a03ec000191a049', 'Owner', 'Blog Owner', '2025-01-09 14:18:57', '1', '2025-01-09 14:18:57', '1'),
       ('677fdad12a03ec000191a04a', 'Admin Integration', 'External Apps', '2025-01-09 14:18:57', '1',
        '2025-01-09 14:18:57', '1'),
       ('677fdad12a03ec000191a04b', 'Ghost Explore Integration', 'Internal Integration for the Ghost Explore directory',
        '2025-01-09 14:18:57', '1', '2025-01-09 14:18:57', '1'),
       ('677fdad12a03ec000191a04c', 'Self-Serve Migration Integration',
        'Internal Integration for the Self-Serve migration tool', '2025-01-09 14:18:57', '1', '2025-01-09 14:18:57',
        '1'),
       ('677fdad12a03ec000191a04d', 'DB Backup Integration', 'Internal DB Backup Client', '2025-01-09 14:18:57', '1',
        '2025-01-09 14:18:57', '1'),
       ('677fdad12a03ec000191a04e', 'Scheduler Integration', 'Internal Scheduler Client', '2025-01-09 14:18:57', '1',
        '2025-01-09 14:18:57', '1');
/*!40000 ALTER TABLE `roles` ENABLE KEYS */;
UNLOCK
TABLES;

--
-- Table structure for table `roles_users`
--

DROP TABLE IF EXISTS `roles_users`;
/*!40101 SET @saved_cs_client     = @@character_set_client */;
/*!50503 SET character_set_client = utf8mb4 */;
CREATE TABLE `roles_users`
(
    `id`      varchar(24) NOT NULL,
    `role_id` varchar(24) NOT NULL,
    `user_id` varchar(24) NOT NULL,
    PRIMARY KEY (`id`)
) ENGINE=InnoDB DEFAULT CHARSET=utf8mb4 COLLATE=utf8mb4_0900_ai_ci;
/*!40101 SET character_set_client = @saved_cs_client */;

--
-- Dumping data for table `roles_users`
--

LOCK
TABLES `roles_users` WRITE;
/*!40000 ALTER TABLE `roles_users` DISABLE KEYS */;
INSERT INTO `roles_users` (`id`, `role_id`, `user_id`)
VALUES ('677fdad22a03ec000191a04f', '677fdad12a03ec000191a049', '1'),
       ('677fdf582a03ec000191a2b3', '677fdad12a03ec000191a048', '677fdf582a03ec000191a2b2');
/*!40000 ALTER TABLE `roles_users` ENABLE KEYS */;
UNLOCK
TABLES;

--
-- Table structure for table `sessions`
--

DROP TABLE IF EXISTS `sessions`;
/*!40101 SET @saved_cs_client     = @@character_set_client */;
/*!50503 SET character_set_client = utf8mb4 */;
CREATE TABLE `sessions`
(
    `id`           varchar(24)   NOT NULL,
    `session_id`   varchar(32)   NOT NULL,
    `user_id`      varchar(24)   NOT NULL,
    `session_data` varchar(2000) NOT NULL,
    `created_at`   datetime      NOT NULL,
    `updated_at`   datetime DEFAULT NULL,
    PRIMARY KEY (`id`),
    UNIQUE KEY `sessions_session_id_unique` (`session_id`)
) ENGINE=InnoDB DEFAULT CHARSET=utf8mb4 COLLATE=utf8mb4_0900_ai_ci;
/*!40101 SET character_set_client = @saved_cs_client */;

--
-- Dumping data for table `sessions`
--

LOCK
TABLES `sessions` WRITE;
/*!40000 ALTER TABLE `sessions` DISABLE KEYS */;
INSERT INTO `sessions` (`id`, `session_id`, `user_id`, `session_data`, `created_at`, `updated_at`)
VALUES ('677fded42a03ec000191a2b0', 'CQfg8v1U5__X7bBIfqbeWSem1S4hTQTZ', '1',
        '{\"cookie\":{\"originalMaxAge\":15768000000,\"expires\":\"2025-07-11T02:36:04.630Z\",\"secure\":false,\"httpOnly\":true,\"path\":\"/ghost\",\"sameSite\":\"lax\"},\"user_id\":\"1\",\"origin\":\"http://localhost:3001\",\"user_agent\":\"Mozilla/5.0 (X11; Linux x86_64) AppleWebKit/537.36 (KHTML, like Gecko) Chrome/131.0.0.0 Safari/537.36\",\"ip\":\"172.18.0.1\"}',
        '2025-01-09 14:36:05', '2025-01-09 14:36:05'),
       ('677fdf592a03ec000191a2b4', 'XWvgKy5uf7muOdqY0BcbM5q0GNJsOa6m', '677fdf582a03ec000191a2b2',
        '{\"cookie\":{\"originalMaxAge\":15768000000,\"expires\":\"2025-07-11T02:38:17.208Z\",\"secure\":false,\"httpOnly\":true,\"path\":\"/ghost\",\"sameSite\":\"lax\"},\"user_id\":\"677fdf582a03ec000191a2b2\",\"origin\":\"http://localhost:3001\",\"user_agent\":\"Mozilla/5.0 (X11; Linux x86_64) AppleWebKit/537.36 (KHTML, like Gecko) Chrome/131.0.0.0 Safari/537.36\",\"ip\":\"172.18.0.1\"}',
        '2025-01-09 14:38:17', '2025-01-09 14:38:17');
/*!40000 ALTER TABLE `sessions` ENABLE KEYS */;
UNLOCK
TABLES;

--
-- Table structure for table `settings`
--

DROP TABLE IF EXISTS `settings`;
/*!40101 SET @saved_cs_client     = @@character_set_client */;
/*!50503 SET character_set_client = utf8mb4 */;
CREATE TABLE `settings`
(
    `id`         varchar(24) NOT NULL,
    `group`      varchar(50) NOT NULL DEFAULT 'core',
    `key`        varchar(50) NOT NULL,
    `value`      text,
    `type`       varchar(50) NOT NULL,
    `flags`      varchar(50)          DEFAULT NULL,
    `created_at` datetime    NOT NULL,
    `created_by` varchar(24) NOT NULL,
    `updated_at` datetime             DEFAULT NULL,
    `updated_by` varchar(24)          DEFAULT NULL,
    PRIMARY KEY (`id`),
    UNIQUE KEY `settings_key_unique` (`key`)
) ENGINE=InnoDB DEFAULT CHARSET=utf8mb4 COLLATE=utf8mb4_0900_ai_ci;
/*!40101 SET character_set_client = @saved_cs_client */;

--
-- Dumping data for table `settings`
--

LOCK
TABLES `settings` WRITE;
/*!40000 ALTER TABLE `settings` DISABLE KEYS */;
INSERT INTO `settings` (`id`, `group`, `key`, `value`, `type`, `flags`, `created_at`, `created_by`, `updated_at`,
                        `updated_by`)
VALUES ('677fdad52a03ec000191a22f', 'core', 'last_mentions_report_email_timestamp', NULL, 'number', NULL,
        '2025-01-09 14:19:01', '1', '2025-01-09 14:19:01', '1'),
       ('677fdad52a03ec000191a230', 'core', 'db_hash', '58266729-87ec-47d2-b700-8fe8c62c0bcf', 'string', NULL,
        '2025-01-09 14:19:01', '1', '2025-01-09 14:19:01', '1'),
       ('677fdad52a03ec000191a231', 'core', 'routes_hash', '3d180d52c663d173a6be791ef411ed01', 'string', NULL,
        '2025-01-09 14:19:01', '1', '2025-01-09 14:19:04', '1'),
       ('677fdad52a03ec000191a232', 'core', 'next_update_check', NULL, 'number', NULL, '2025-01-09 14:19:01', '1',
        '2025-01-09 14:37:39', '1'),
       ('677fdad52a03ec000191a233', 'core', 'notifications', '[]', 'array', NULL, '2025-01-09 14:19:01', '1',
        '2025-01-09 14:19:01', '1'),
       ('677fdad52a03ec000191a234', 'core', 'version_notifications', '[]', 'array', NULL, '2025-01-09 14:19:01', '1',
        '2025-01-09 14:19:01', '1'),
       ('677fdad52a03ec000191a235', 'core', 'admin_session_secret',
        '8bd9b2f5d2340bc34715406417b82fb8ba4ba84cc33ccb0b20f4ae23d4c6ff9f', 'string', NULL, '2025-01-09 14:19:01', '1',
        '2025-01-09 14:19:01', '1'),
       ('677fdad52a03ec000191a236', 'core', 'theme_session_secret',
        'e5f4013ec3528580d42776941548eb4a223746af5a5d940d7754e026c84a5535', 'string', NULL, '2025-01-09 14:19:01', '1',
        '2025-01-09 14:19:01', '1'),
       ('677fdad52a03ec000191a237', 'core', 'ghost_public_key',
        '-----BEGIN RSA PUBLIC KEY-----\nMIGJAoGBAIUokmf0p2f2kn/k4EWi5dKhGFC0+Arn8yYKZbGMBE8uJGDRIMrmdbxgjyjkAc9e\ncx1TfPhoyZZQTc1KjlD+YTRhDwtuPgWKYnhoCcaBtwzjfbaptKhj0jVRgsCjwW/Qrnw9NUvg\nnUSogLkawEW0A2wSpmUPw5oaHxTad9afDnXxAgMBAAE=\n-----END RSA PUBLIC KEY-----\n',
        'string', NULL, '2025-01-09 14:19:01', '1', '2025-01-09 14:19:01', '1'),
       ('677fdad52a03ec000191a238', 'core', 'ghost_private_key',
        '-----BEGIN RSA PRIVATE KEY-----\nMIICXAIBAAKBgQCFKJJn9Kdn9pJ/5OBFouXSoRhQtPgK5/MmCmWxjARPLiRg0SDK5nW8YI8o\n5AHPXnMdU3z4aMmWUE3NSo5Q/mE0YQ8Lbj4FimJ4aAnGgbcM4322qbSoY9I1UYLAo8Fv0K58\nPTVL4J1EqIC5GsBFtANsEqZlD8OaGh8U2nfWnw518QIDAQABAoGABnLulEZPDUPt2G/XRMgc\n5VST/uSk1rJhHkiGoFCtrMAJVv8J3YnHzfXHOS3BwK9MV/FBLi61BKii+/xOZDHNt0/BtfkW\nh+nATdC1AahSnwdwJZefd/7ESIPb/UCG2p2B6T7vgWTriVxaT33SN85Gm4iOptU72EMg6y/J\nH4XZWTkCQQDIxR2I3F+CQ4/BWccaBbDn/0jzZ1z15EsiuWNOEizck5UXWdp9/GAwOOJu1OQ5\nvlIELxeXYh0LRYkZLGSZPGjbAkEAqcoIIA7QwZxIOg8kPOxKO8MQVPIvV6ViBmsRzLkrshYq\nBgS2OwhFGpXs6/u0B2InMKYhw6iBfwbZSeZcAY5gIwJAHuhBcLVEOsB92+0fOoFPx5dEOrxZ\n0jzP2Euj3vvrThWmKQ8bFLQKdsH7EcbST5Vd+Ojq/9IJ2Jde0LJF1lU3awJAbzkUV4O9BodM\n3ROcJniXLEzcvvijQKPq8c9jqptGX3ObdbPSeBszwXWi7PdGeGu4xmqdxaD1q3OeFYXckXxl\nxwJBAA3Z8f5ZSKvSqIymowm98KHbb8rM66XmalWsyHQjlEH1uEQTbmHZnoPIUNAgZggNf8iZ\nflQyO1RPiexGyjHAsKo=\n-----END RSA PRIVATE KEY-----\n',
        'string', NULL, '2025-01-09 14:19:01', '1', '2025-01-09 14:19:01', '1'),
       ('677fdad52a03ec000191a239', 'core', 'members_public_key',
        '-----BEGIN RSA PUBLIC KEY-----\nMIGJAoGBAOssbqBTHYGk/hTLJNq5Qute2/5WspBNQaMm49RyYnckrYZ5OCgcvwz6ogOaTNlC\nKXhXFxQSCm75w8wXP4LYNaj45KuYlzHZVQS6t/o3vb6o+Vwqf1g96u0yiv0tlA09nlWAdhYC\nYEWQNKRlU9EU65myPYyY70bQKV7XkYRx8rRLAgMBAAE=\n-----END RSA PUBLIC KEY-----\n',
        'string', NULL, '2025-01-09 14:19:01', '1', '2025-01-09 14:19:01', '1'),
       ('677fdad52a03ec000191a23a', 'core', 'members_private_key',
        '-----BEGIN RSA PRIVATE KEY-----\nMIICXQIBAAKBgQDrLG6gUx2BpP4UyyTauULrXtv+VrKQTUGjJuPUcmJ3JK2GeTgoHL8M+qID\nmkzZQil4VxcUEgpu+cPMFz+C2DWo+OSrmJcx2VUEurf6N72+qPlcKn9YPertMor9LZQNPZ5V\ngHYWAmBFkDSkZVPRFOuZsj2MmO9G0Cle15GEcfK0SwIDAQABAoGAfMBEKt4MP/KTKdqdQT2X\nZx4Z2zCIZo3k7LQ7lT3cR9F4D2aMSJL/MdZeTUTz0SgMsZ6ZSndLe5UYrVIDydgBlg2nYUuL\nRUMsbPM10v0Oq0GkFXkaRmw0NJkuvNOW+Hl2Uf8iqK8t2bbUkr/LMUomeDlD5u4egnYJdZYk\n5AEZ6LECQQD2fcDyFLw5sFBqLtl2xTtsLuLjr3i6DrVHdybWn0kj5fdVrZqphtwhS4ctW5hS\nI9XGKfVvj66nMR5PXvwBztyjAkEA9D7o66ad5mGzbR+RQ9suPFT0hZ588rOpFMh91SZaVuRm\nSTSJ2tRxLqcQiRxoDjk3LIA4AAAxaPBj8JMhFpNcOQJANWdjgU96xGjt00OZPAFZcYPrBneD\nCZScNAKduIxENXHil36IbshYMyKBBBO/ObSn4Uo/8c7IgVLEBWBH60BdTwJBAM96DTP4klMc\nlWVSFnz02B7J7/j9e5hTg4KzGSkSblU3qafv6FaqdgayRfqi1cWXVsYHmQpvH4nMAqle4hGi\nVgkCQQDvwMX6bzaaYG+QtnUU8IqPUAyeYbuSBySgpzSMqiwiLC9nrq8077PuLkjI41EpZsQ+\nZCaGgxxOOh0Wgfy2wWMy\n-----END RSA PRIVATE KEY-----\n',
        'string', NULL, '2025-01-09 14:19:01', '1', '2025-01-09 14:19:01', '1'),
       ('677fdad52a03ec000191a23b', 'core', 'members_email_auth_secret',
        '8344b3018326a653c39f6939d2b8ab557b6fa99d31a8a657bb236cb04f6c43b4f8ad7e667e8261a1cdfad811d5ec47cd2da44f80121821c33c36f4695e12a071',
        'string', NULL, '2025-01-09 14:19:01', '1', '2025-01-09 14:19:01', '1'),
       ('677fdad52a03ec000191a23c', 'core', 'members_stripe_webhook_id', NULL, 'string', NULL, '2025-01-09 14:19:01',
        '1', '2025-01-09 14:19:01', '1'),
       ('677fdad52a03ec000191a23d', 'core', 'members_stripe_webhook_secret', NULL, 'string', NULL,
        '2025-01-09 14:19:01', '1', '2025-01-09 14:19:01', '1'),
       ('677fdad52a03ec000191a23e', 'site', 'title', 'The daily awesome', 'string', 'PUBLIC', '2025-01-09 14:19:01',
        '1', '2025-01-09 14:36:04', '1'),
       ('677fdad52a03ec000191a23f', 'site', 'description', 'Thoughts, stories and ideas.', 'string', 'PUBLIC',
        '2025-01-09 14:19:01', '1', '2025-01-09 14:36:04', '1'),
       ('677fdad52a03ec000191a240', 'site', 'logo', '', 'string', NULL, '2025-01-09 14:19:01', '1',
        '2025-01-09 14:19:01', '1'),
       ('677fdad52a03ec000191a241', 'site', 'cover_image',
        'https://static.ghost.org/v5.0.0/images/publication-cover.jpg', 'string', NULL, '2025-01-09 14:19:01', '1',
        '2025-01-09 14:19:01', '1'),
       ('677fdad52a03ec000191a242', 'site', 'icon', '', 'string', NULL, '2025-01-09 14:19:01', '1',
        '2025-01-09 14:19:01', '1'),
       ('677fdad52a03ec000191a243', 'site', 'accent_color', '#FF1A75', 'string', 'PUBLIC', '2025-01-09 14:19:01', '1',
        '2025-01-09 14:19:01', '1'),
       ('677fdad52a03ec000191a244', 'site', 'locale', 'en', 'string', NULL, '2025-01-09 14:19:01', '1',
        '2025-01-09 14:19:01', '1'),
       ('677fdad52a03ec000191a245', 'site', 'timezone', 'Etc/UTC', 'string', NULL, '2025-01-09 14:19:01', '1',
        '2025-01-09 14:19:01', '1'),
       ('677fdad52a03ec000191a246', 'site', 'codeinjection_head', '', 'string', NULL, '2025-01-09 14:19:01', '1',
        '2025-01-09 14:19:01', '1'),
       ('677fdad52a03ec000191a247', 'site', 'codeinjection_foot', '', 'string', NULL, '2025-01-09 14:19:01', '1',
        '2025-01-09 14:19:01', '1'),
       ('677fdad52a03ec000191a248', 'site', 'facebook', 'ghost', 'string', NULL, '2025-01-09 14:19:01', '1',
        '2025-01-09 14:19:01', '1'),
       ('677fdad52a03ec000191a249', 'site', 'twitter', '@ghost', 'string', NULL, '2025-01-09 14:19:01', '1',
        '2025-01-09 14:19:01', '1'),
       ('677fdad52a03ec000191a24a', 'site', 'navigation',
        '[{\"label\":\"Home\",\"url\":\"/\"},{\"label\":\"About\",\"url\":\"/about/\"}]', 'array', NULL,
        '2025-01-09 14:19:01', '1', '2025-01-09 14:19:01', '1'),
       ('677fdad52a03ec000191a24b', 'site', 'secondary_navigation', '[{\"label\":\"Sign up\",\"url\":\"#/portal/\"}]',
        'array', NULL, '2025-01-09 14:19:01', '1', '2025-01-09 14:19:01', '1'),
       ('677fdad52a03ec000191a24c', 'site', 'meta_title', NULL, 'string', NULL, '2025-01-09 14:19:01', '1',
        '2025-01-09 14:19:01', '1'),
       ('677fdad52a03ec000191a24d', 'site', 'meta_description', NULL, 'string', NULL, '2025-01-09 14:19:01', '1',
        '2025-01-09 14:19:01', '1'),
       ('677fdad52a03ec000191a24e', 'site', 'og_image', NULL, 'string', NULL, '2025-01-09 14:19:01', '1',
        '2025-01-09 14:19:01', '1'),
       ('677fdad52a03ec000191a24f', 'site', 'og_title', NULL, 'string', NULL, '2025-01-09 14:19:01', '1',
        '2025-01-09 14:19:01', '1'),
       ('677fdad52a03ec000191a250', 'site', 'og_description', NULL, 'string', NULL, '2025-01-09 14:19:01', '1',
        '2025-01-09 14:19:01', '1'),
       ('677fdad52a03ec000191a251', 'site', 'twitter_image', NULL, 'string', NULL, '2025-01-09 14:19:01', '1',
        '2025-01-09 14:19:01', '1'),
       ('677fdad52a03ec000191a252', 'site', 'twitter_title', NULL, 'string', NULL, '2025-01-09 14:19:01', '1',
        '2025-01-09 14:19:01', '1'),
       ('677fdad52a03ec000191a253', 'site', 'twitter_description', NULL, 'string', NULL, '2025-01-09 14:19:01', '1',
        '2025-01-09 14:19:01', '1'),
       ('677fdad52a03ec000191a254', 'theme', 'active_theme', 'source', 'string', 'RO', '2025-01-09 14:19:01', '1',
        '2025-01-09 14:19:01', '1'),
       ('677fdad52a03ec000191a255', 'private', 'is_private', 'false', 'boolean', NULL, '2025-01-09 14:19:01', '1',
        '2025-01-09 14:19:01', '1'),
       ('677fdad52a03ec000191a256', 'private', 'password', '', 'string', NULL, '2025-01-09 14:19:01', '1',
        '2025-01-09 14:19:01', '1'),
       ('677fdad52a03ec000191a257', 'private', 'public_hash', '321c13808e1ca8f5852fb79b0df77b', 'string', NULL,
        '2025-01-09 14:19:01', '1', '2025-01-09 14:19:01', '1'),
       ('677fdad52a03ec000191a258', 'members', 'default_content_visibility', 'public', 'string', NULL,
        '2025-01-09 14:19:01', '1', '2025-01-09 14:19:01', '1'),
       ('677fdad52a03ec000191a259', 'members', 'default_content_visibility_tiers', '[]', 'array', NULL,
        '2025-01-09 14:19:01', '1', '2025-01-09 14:19:01', '1'),
       ('677fdad52a03ec000191a25a', 'members', 'members_signup_access', 'all', 'string', NULL, '2025-01-09 14:19:01',
        '1', '2025-01-09 14:19:01', '1'),
       ('677fdad52a03ec000191a25b', 'members', 'members_support_address', 'noreply', 'string', 'PUBLIC,RO',
        '2025-01-09 14:19:01', '1', '2025-01-09 14:19:01', '1'),
       ('677fdad52a03ec000191a25c', 'members', 'stripe_secret_key', NULL, 'string', NULL, '2025-01-09 14:19:01', '1',
        '2025-01-09 14:19:01', '1'),
       ('677fdad52a03ec000191a25d', 'members', 'stripe_publishable_key', NULL, 'string', NULL, '2025-01-09 14:19:01',
        '1', '2025-01-09 14:19:01', '1'),
       ('677fdad52a03ec000191a25e', 'members', 'stripe_plans', '[]', 'array', NULL, '2025-01-09 14:19:01', '1',
        '2025-01-09 14:19:01', '1'),
       ('677fdad52a03ec000191a25f', 'members', 'stripe_connect_publishable_key', NULL, 'string', NULL,
        '2025-01-09 14:19:01', '1', '2025-01-09 14:19:01', '1'),
       ('677fdad52a03ec000191a260', 'members', 'stripe_connect_secret_key', NULL, 'string', NULL, '2025-01-09 14:19:01',
        '1', '2025-01-09 14:19:01', '1'),
       ('677fdad52a03ec000191a261', 'members', 'stripe_connect_livemode', NULL, 'boolean', NULL, '2025-01-09 14:19:01',
        '1', '2025-01-09 14:19:01', '1'),
       ('677fdad52a03ec000191a262', 'members', 'stripe_connect_display_name', NULL, 'string', NULL,
        '2025-01-09 14:19:01', '1', '2025-01-09 14:19:01', '1'),
       ('677fdad52a03ec000191a263', 'members', 'stripe_connect_account_id', NULL, 'string', NULL, '2025-01-09 14:19:01',
        '1', '2025-01-09 14:19:01', '1'),
       ('677fdad52a03ec000191a264', 'members', 'members_monthly_price_id', NULL, 'string', NULL, '2025-01-09 14:19:01',
        '1', '2025-01-09 14:19:01', '1'),
       ('677fdad52a03ec000191a265', 'members', 'members_yearly_price_id', NULL, 'string', NULL, '2025-01-09 14:19:01',
        '1', '2025-01-09 14:19:01', '1'),
       ('677fdad52a03ec000191a266', 'members', 'members_track_sources', 'true', 'boolean', NULL, '2025-01-09 14:19:01',
        '1', '2025-01-09 14:19:01', '1'),
       ('677fdad52a03ec000191a267', 'portal', 'portal_name', 'true', 'boolean', NULL, '2025-01-09 14:19:01', '1',
        '2025-01-09 14:19:01', '1'),
       ('677fdad52a03ec000191a268', 'portal', 'portal_button', 'true', 'boolean', NULL, '2025-01-09 14:19:01', '1',
        '2025-01-09 14:19:01', '1'),
       ('677fdad52a03ec000191a269', 'portal', 'portal_plans', '[\"free\"]', 'array', NULL, '2025-01-09 14:19:01', '1',
        '2025-01-09 14:19:01', '1'),
       ('677fdad52a03ec000191a26a', 'portal', 'portal_default_plan', 'yearly', 'string', NULL, '2025-01-09 14:19:01',
        '1', '2025-01-09 14:19:01', '1'),
       ('677fdad52a03ec000191a26b', 'portal', 'portal_products', '[]', 'array', NULL, '2025-01-09 14:19:01', '1',
        '2025-01-09 14:19:01', '1'),
       ('677fdad52a03ec000191a26c', 'portal', 'portal_button_style', 'icon-and-text', 'string', NULL,
        '2025-01-09 14:19:01', '1', '2025-01-09 14:19:01', '1'),
       ('677fdad52a03ec000191a26d', 'portal', 'portal_button_icon', NULL, 'string', NULL, '2025-01-09 14:19:01', '1',
        '2025-01-09 14:19:01', '1'),
       ('677fdad52a03ec000191a26e', 'portal', 'portal_button_signup_text', 'Subscribe', 'string', NULL,
        '2025-01-09 14:19:01', '1', '2025-01-09 14:19:01', '1'),
       ('677fdad52a03ec000191a26f', 'portal', 'portal_signup_terms_html', NULL, 'string', NULL, '2025-01-09 14:19:01',
        '1', '2025-01-09 14:19:01', '1'),
       ('677fdad52a03ec000191a270', 'portal', 'portal_signup_checkbox_required', 'false', 'boolean', NULL,
        '2025-01-09 14:19:01', '1', '2025-01-09 14:19:01', '1'),
       ('677fdad52a03ec000191a274', 'email', 'email_track_opens', 'true', 'boolean', NULL, '2025-01-09 14:19:01', '1',
        '2025-01-09 14:19:01', '1'),
       ('677fdad52a03ec000191a275', 'email', 'email_track_clicks', 'true', 'boolean', NULL, '2025-01-09 14:19:01', '1',
        '2025-01-09 14:19:01', '1'),
       ('677fdad52a03ec000191a276', 'email', 'email_verification_required', 'false', 'boolean', 'RO',
        '2025-01-09 14:19:01', '1', '2025-01-09 14:19:01', '1'),
       ('677fdad52a03ec000191a277', 'amp', 'amp', 'false', 'boolean', NULL, '2025-01-09 14:19:01', '1',
        '2025-01-09 14:19:01', '1'),
       ('677fdad52a03ec000191a278', 'amp', 'amp_gtag_id', NULL, 'string', NULL, '2025-01-09 14:19:01', '1',
        '2025-01-09 14:19:01', '1'),
       ('677fdad52a03ec000191a279', 'firstpromoter', 'firstpromoter', 'false', 'boolean', NULL, '2025-01-09 14:19:01',
        '1', '2025-01-09 14:19:01', '1'),
       ('677fdad52a03ec000191a27a', 'firstpromoter', 'firstpromoter_id', NULL, 'string', NULL, '2025-01-09 14:19:01',
        '1', '2025-01-09 14:19:01', '1'),
       ('677fdad52a03ec000191a27b', 'labs', 'labs', '{}', 'object', NULL, '2025-01-09 14:19:01', '1',
        '2025-01-09 14:19:01', '1'),
       ('677fdad52a03ec000191a27c', 'slack', 'slack_url', '', 'string', NULL, '2025-01-09 14:19:01', '1',
        '2025-01-09 14:19:01', '1'),
       ('677fdad52a03ec000191a27d', 'slack', 'slack_username', 'Ghost', 'string', NULL, '2025-01-09 14:19:01', '1',
        '2025-01-09 14:19:01', '1'),
       ('677fdad52a03ec000191a27e', 'unsplash', 'unsplash', 'true', 'boolean', NULL, '2025-01-09 14:19:01', '1',
        '2025-01-09 14:19:01', '1'),
       ('677fdad52a03ec000191a27f', 'views', 'shared_views', '[]', 'array', NULL, '2025-01-09 14:19:01', '1',
        '2025-01-09 14:19:01', '1'),
       ('677fdad52a03ec000191a280', 'editor', 'editor_default_email_recipients', 'visibility', 'string', NULL,
        '2025-01-09 14:19:01', '1', '2025-01-09 14:19:01', '1'),
       ('677fdad52a03ec000191a281', 'editor', 'editor_default_email_recipients_filter', 'all', 'string', NULL,
        '2025-01-09 14:19:01', '1', '2025-01-09 14:19:01', '1'),
       ('677fdad52a03ec000191a282', 'announcement', 'announcement_content', NULL, 'string', 'PUBLIC',
        '2025-01-09 14:19:01', '1', '2025-01-09 14:19:01', '1'),
       ('677fdad52a03ec000191a283', 'announcement', 'announcement_visibility', '[]', 'array', NULL,
        '2025-01-09 14:19:01', '1', '2025-01-09 14:19:01', '1'),
       ('677fdad52a03ec000191a284', 'announcement', 'announcement_background', 'dark', 'string', 'PUBLIC',
        '2025-01-09 14:19:01', '1', '2025-01-09 14:19:01', '1'),
       ('677fdad52a03ec000191a285', 'comments', 'comments_enabled', 'off', 'string', NULL, '2025-01-09 14:19:01', '1',
        '2025-01-09 14:19:01', '1'),
       ('677fdad52a03ec000191a286', 'analytics', 'outbound_link_tagging', 'true', 'boolean', NULL,
        '2025-01-09 14:19:01', '1', '2025-01-09 14:19:01', '1'),
       ('677fdad52a03ec000191a287', 'pintura', 'pintura', 'true', 'boolean', NULL, '2025-01-09 14:19:01', '1',
        '2025-01-09 14:19:01', '1'),
       ('677fdad52a03ec000191a288', 'pintura', 'pintura_js_url', NULL, 'string', NULL, '2025-01-09 14:19:01', '1',
        '2025-01-09 14:19:01', '1'),
       ('677fdad52a03ec000191a289', 'pintura', 'pintura_css_url', NULL, 'string', NULL, '2025-01-09 14:19:01', '1',
        '2025-01-09 14:19:01', '1'),
       ('677fdad52a03ec000191a28a', 'donations', 'donations_currency', 'USD', 'string', NULL, '2025-01-09 14:19:01',
        '1', '2025-01-09 14:19:01', '1'),
       ('677fdad52a03ec000191a28b', 'donations', 'donations_suggested_amount', '0', 'number', NULL,
        '2025-01-09 14:19:01', '1', '2025-01-09 14:19:01', '1'),
       ('677fdad52a03ec000191a28c', 'recommendations', 'recommendations_enabled', 'false', 'boolean', NULL,
        '2025-01-09 14:19:01', '1', '2025-01-09 14:19:01', '1');
/*!40000 ALTER TABLE `settings` ENABLE KEYS */;
UNLOCK
TABLES;

--
-- Table structure for table `snippets`
--

DROP TABLE IF EXISTS `snippets`;
/*!40101 SET @saved_cs_client     = @@character_set_client */;
/*!50503 SET character_set_client = utf8mb4 */;
CREATE TABLE `snippets`
(
    `id`         varchar(24)  NOT NULL,
    `name`       varchar(191) NOT NULL,
    `mobiledoc`  longtext     NOT NULL,
    `lexical`    longtext,
    `created_at` datetime     NOT NULL,
    `created_by` varchar(24)  NOT NULL,
    `updated_at` datetime    DEFAULT NULL,
    `updated_by` varchar(24) DEFAULT NULL,
    PRIMARY KEY (`id`),
    UNIQUE KEY `snippets_name_unique` (`name`)
) ENGINE=InnoDB DEFAULT CHARSET=utf8mb4 COLLATE=utf8mb4_0900_ai_ci;
/*!40101 SET character_set_client = @saved_cs_client */;

--
-- Dumping data for table `snippets`
--

LOCK
TABLES `snippets` WRITE;
/*!40000 ALTER TABLE `snippets` DISABLE KEYS */;
/*!40000 ALTER TABLE `snippets` ENABLE KEYS */;
UNLOCK
TABLES;

--
-- Table structure for table `stripe_prices`
--

DROP TABLE IF EXISTS `stripe_prices`;
/*!40101 SET @saved_cs_client     = @@character_set_client */;
/*!50503 SET character_set_client = utf8mb4 */;
CREATE TABLE `stripe_prices`
(
    `id`                varchar(24)  NOT NULL,
    `stripe_price_id`   varchar(255) NOT NULL,
    `stripe_product_id` varchar(255) NOT NULL,
    `active`            tinyint(1) NOT NULL,
    `nickname`          varchar(50)           DEFAULT NULL,
    `currency`          varchar(191) NOT NULL,
    `amount`            int          NOT NULL,
    `type`              varchar(50)  NOT NULL DEFAULT 'recurring',
    `interval`          varchar(50)           DEFAULT NULL,
    `description`       varchar(191)          DEFAULT NULL,
    `created_at`        datetime     NOT NULL,
    `updated_at`        datetime              DEFAULT NULL,
    PRIMARY KEY (`id`),
    UNIQUE KEY `stripe_prices_stripe_price_id_unique` (`stripe_price_id`),
    KEY                 `stripe_prices_stripe_product_id_foreign` (`stripe_product_id`),
    CONSTRAINT `stripe_prices_stripe_product_id_foreign` FOREIGN KEY (`stripe_product_id`) REFERENCES `stripe_products` (`stripe_product_id`)
) ENGINE=InnoDB DEFAULT CHARSET=utf8mb4 COLLATE=utf8mb4_0900_ai_ci;
/*!40101 SET character_set_client = @saved_cs_client */;

--
-- Dumping data for table `stripe_prices`
--

LOCK
TABLES `stripe_prices` WRITE;
/*!40000 ALTER TABLE `stripe_prices` DISABLE KEYS */;
/*!40000 ALTER TABLE `stripe_prices` ENABLE KEYS */;
UNLOCK
TABLES;

--
-- Table structure for table `stripe_products`
--

DROP TABLE IF EXISTS `stripe_products`;
/*!40101 SET @saved_cs_client     = @@character_set_client */;
/*!50503 SET character_set_client = utf8mb4 */;
CREATE TABLE `stripe_products`
(
    `id`                varchar(24)  NOT NULL,
    `product_id`        varchar(24) DEFAULT NULL,
    `stripe_product_id` varchar(255) NOT NULL,
    `created_at`        datetime     NOT NULL,
    `updated_at`        datetime    DEFAULT NULL,
    PRIMARY KEY (`id`),
    UNIQUE KEY `stripe_products_stripe_product_id_unique` (`stripe_product_id`),
    KEY                 `stripe_products_product_id_foreign` (`product_id`),
    CONSTRAINT `stripe_products_product_id_foreign` FOREIGN KEY (`product_id`) REFERENCES `products` (`id`)
) ENGINE=InnoDB DEFAULT CHARSET=utf8mb4 COLLATE=utf8mb4_0900_ai_ci;
/*!40101 SET character_set_client = @saved_cs_client */;

--
-- Dumping data for table `stripe_products`
--

LOCK
TABLES `stripe_products` WRITE;
/*!40000 ALTER TABLE `stripe_products` DISABLE KEYS */;
/*!40000 ALTER TABLE `stripe_products` ENABLE KEYS */;
UNLOCK
TABLES;

--
-- Table structure for table `subscriptions`
--

DROP TABLE IF EXISTS `subscriptions`;
/*!40101 SET @saved_cs_client     = @@character_set_client */;
/*!50503 SET character_set_client = utf8mb4 */;
CREATE TABLE `subscriptions`
(
    `id`                       varchar(24) NOT NULL,
    `type`                     varchar(50) NOT NULL,
    `status`                   varchar(50) NOT NULL,
    `member_id`                varchar(24) NOT NULL,
    `tier_id`                  varchar(24) NOT NULL,
    `cadence`                  varchar(50)   DEFAULT NULL,
    `currency`                 varchar(50)   DEFAULT NULL,
    `amount`                   int           DEFAULT NULL,
    `payment_provider`         varchar(50)   DEFAULT NULL,
    `payment_subscription_url` varchar(2000) DEFAULT NULL,
    `payment_user_url`         varchar(2000) DEFAULT NULL,
    `offer_id`                 varchar(24)   DEFAULT NULL,
    `expires_at`               datetime      DEFAULT NULL,
    `created_at`               datetime    NOT NULL,
    `updated_at`               datetime      DEFAULT NULL,
    PRIMARY KEY (`id`),
    KEY                        `subscriptions_member_id_foreign` (`member_id`),
    KEY                        `subscriptions_tier_id_foreign` (`tier_id`),
    KEY                        `subscriptions_offer_id_foreign` (`offer_id`),
    CONSTRAINT `subscriptions_member_id_foreign` FOREIGN KEY (`member_id`) REFERENCES `members` (`id`) ON DELETE CASCADE,
    CONSTRAINT `subscriptions_offer_id_foreign` FOREIGN KEY (`offer_id`) REFERENCES `offers` (`id`),
    CONSTRAINT `subscriptions_tier_id_foreign` FOREIGN KEY (`tier_id`) REFERENCES `products` (`id`)
) ENGINE=InnoDB DEFAULT CHARSET=utf8mb4 COLLATE=utf8mb4_0900_ai_ci;
/*!40101 SET character_set_client = @saved_cs_client */;

--
-- Dumping data for table `subscriptions`
--

LOCK
TABLES `subscriptions` WRITE;
/*!40000 ALTER TABLE `subscriptions` DISABLE KEYS */;
/*!40000 ALTER TABLE `subscriptions` ENABLE KEYS */;
UNLOCK
TABLES;

--
-- Table structure for table `suppressions`
--

DROP TABLE IF EXISTS `suppressions`;
/*!40101 SET @saved_cs_client     = @@character_set_client */;
/*!50503 SET character_set_client = utf8mb4 */;
CREATE TABLE `suppressions`
(
    `id`         varchar(24)  NOT NULL,
    `email`      varchar(191) NOT NULL,
    `email_id`   varchar(24) DEFAULT NULL,
    `reason`     varchar(50)  NOT NULL,
    `created_at` datetime     NOT NULL,
    PRIMARY KEY (`id`),
    UNIQUE KEY `suppressions_email_unique` (`email`),
    KEY          `suppressions_email_id_foreign` (`email_id`),
    CONSTRAINT `suppressions_email_id_foreign` FOREIGN KEY (`email_id`) REFERENCES `emails` (`id`)
) ENGINE=InnoDB DEFAULT CHARSET=utf8mb4 COLLATE=utf8mb4_0900_ai_ci;
/*!40101 SET character_set_client = @saved_cs_client */;

--
-- Dumping data for table `suppressions`
--

LOCK
TABLES `suppressions` WRITE;
/*!40000 ALTER TABLE `suppressions` DISABLE KEYS */;
/*!40000 ALTER TABLE `suppressions` ENABLE KEYS */;
UNLOCK
TABLES;

--
-- Table structure for table `tags`
--

DROP TABLE IF EXISTS `tags`;
/*!40101 SET @saved_cs_client     = @@character_set_client */;
/*!50503 SET character_set_client = utf8mb4 */;
CREATE TABLE `tags`
(
    `id`                  varchar(24)  NOT NULL,
    `name`                varchar(191) NOT NULL,
    `slug`                varchar(191) NOT NULL,
    `description`         text,
    `feature_image`       varchar(2000)         DEFAULT NULL,
    `parent_id`           varchar(191)          DEFAULT NULL,
    `visibility`          varchar(50)  NOT NULL DEFAULT 'public',
    `og_image`            varchar(2000)         DEFAULT NULL,
    `og_title`            varchar(300)          DEFAULT NULL,
    `og_description`      varchar(500)          DEFAULT NULL,
    `twitter_image`       varchar(2000)         DEFAULT NULL,
    `twitter_title`       varchar(300)          DEFAULT NULL,
    `twitter_description` varchar(500)          DEFAULT NULL,
    `meta_title`          varchar(2000)         DEFAULT NULL,
    `meta_description`    varchar(2000)         DEFAULT NULL,
    `codeinjection_head`  text,
    `codeinjection_foot`  text,
    `canonical_url`       varchar(2000)         DEFAULT NULL,
    `accent_color`        varchar(50)           DEFAULT NULL,
    `created_at`          datetime     NOT NULL,
    `created_by`          varchar(24)  NOT NULL,
    `updated_at`          datetime              DEFAULT NULL,
    `updated_by`          varchar(24)           DEFAULT NULL,
    PRIMARY KEY (`id`),
    UNIQUE KEY `tags_slug_unique` (`slug`)
) ENGINE=InnoDB DEFAULT CHARSET=utf8mb4 COLLATE=utf8mb4_0900_ai_ci;
/*!40101 SET character_set_client = @saved_cs_client */;

--
-- Dumping data for table `tags`
--

LOCK
TABLES `tags` WRITE;
/*!40000 ALTER TABLE `tags` DISABLE KEYS */;
INSERT INTO `tags` (`id`, `name`, `slug`, `description`, `feature_image`, `parent_id`, `visibility`, `og_image`,
                    `og_title`, `og_description`, `twitter_image`, `twitter_title`, `twitter_description`, `meta_title`,
                    `meta_description`, `codeinjection_head`, `codeinjection_foot`, `canonical_url`, `accent_color`,
                    `created_at`, `created_by`, `updated_at`, `updated_by`)
VALUES ('677fdad22a03ec000191a055', 'News', 'news', NULL, NULL, NULL, 'public', NULL, NULL, NULL, NULL, NULL, NULL,
        NULL, NULL, NULL, NULL, NULL, NULL, '2025-01-09 14:18:58', '1', '2025-01-09 14:18:58', '1');
/*!40000 ALTER TABLE `tags` ENABLE KEYS */;
UNLOCK
TABLES;

--
-- Table structure for table `temp_mail_events`
--

DROP TABLE IF EXISTS `temp_mail_events`;
/*!40101 SET @saved_cs_client     = @@character_set_client */;
/*!50503 SET character_set_client = utf8mb4 */;
CREATE TABLE `temp_mail_events`
(
    `id`          varchar(100) NOT NULL,
    `type`        varchar(50)  NOT NULL,
    `message_id`  varchar(150) NOT NULL,
    `recipient`   varchar(191) NOT NULL,
    `occurred_at` datetime     NOT NULL,
    PRIMARY KEY (`id`)
) ENGINE=InnoDB DEFAULT CHARSET=utf8mb4 COLLATE=utf8mb4_0900_ai_ci;
/*!40101 SET character_set_client = @saved_cs_client */;

--
-- Dumping data for table `temp_mail_events`
--

LOCK
TABLES `temp_mail_events` WRITE;
/*!40000 ALTER TABLE `temp_mail_events` DISABLE KEYS */;
/*!40000 ALTER TABLE `temp_mail_events` ENABLE KEYS */;
UNLOCK
TABLES;

--
-- Table structure for table `tokens`
--

DROP TABLE IF EXISTS `tokens`;
/*!40101 SET @saved_cs_client     = @@character_set_client */;
/*!50503 SET character_set_client = utf8mb4 */;
CREATE TABLE `tokens`
(
    `id`            varchar(24) NOT NULL,
    `token`         varchar(32) NOT NULL,
    `data`          varchar(2000) DEFAULT NULL,
    `created_at`    datetime    NOT NULL,
    `updated_at`    datetime      DEFAULT NULL,
    `first_used_at` datetime      DEFAULT NULL,
    `used_count`    int unsigned NOT NULL DEFAULT '0',
    `created_by`    varchar(24) NOT NULL,
    PRIMARY KEY (`id`),
    KEY             `tokens_token_index` (`token`)
) ENGINE=InnoDB DEFAULT CHARSET=utf8mb4 COLLATE=utf8mb4_0900_ai_ci;
/*!40101 SET character_set_client = @saved_cs_client */;

--
-- Dumping data for table `tokens`
--

LOCK
TABLES `tokens` WRITE;
/*!40000 ALTER TABLE `tokens` DISABLE KEYS */;
/*!40000 ALTER TABLE `tokens` ENABLE KEYS */;
UNLOCK
TABLES;

--
-- Table structure for table `users`
--

DROP TABLE IF EXISTS `users`;
/*!40101 SET @saved_cs_client     = @@character_set_client */;
/*!50503 SET character_set_client = utf8mb4 */;
CREATE TABLE `users`
(
    `id`                                      varchar(24)  NOT NULL,
    `name`                                    varchar(191) NOT NULL,
    `slug`                                    varchar(191) NOT NULL,
    `password`                                varchar(60)  NOT NULL,
    `email`                                   varchar(191) NOT NULL,
    `profile_image`                           varchar(2000)         DEFAULT NULL,
    `cover_image`                             varchar(2000)         DEFAULT NULL,
    `bio`                                     text,
    `website`                                 varchar(2000)         DEFAULT NULL,
    `location`                                text,
    `facebook`                                varchar(2000)         DEFAULT NULL,
    `twitter`                                 varchar(2000)         DEFAULT NULL,
    `accessibility`                           text,
    `status`                                  varchar(50)  NOT NULL DEFAULT 'active',
    `locale`                                  varchar(6)            DEFAULT NULL,
    `visibility`                              varchar(50)  NOT NULL DEFAULT 'public',
    `meta_title`                              varchar(2000)         DEFAULT NULL,
    `meta_description`                        varchar(2000)         DEFAULT NULL,
    `tour`                                    text,
    `last_seen`                               datetime              DEFAULT NULL,
    `comment_notifications`                   tinyint(1) NOT NULL DEFAULT '1',
    `free_member_signup_notification`         tinyint(1) NOT NULL DEFAULT '1',
    `paid_subscription_started_notification`  tinyint(1) NOT NULL DEFAULT '1',
    `paid_subscription_canceled_notification` tinyint(1) NOT NULL DEFAULT '0',
    `mention_notifications`                   tinyint(1) NOT NULL DEFAULT '1',
    `recommendation_notifications`            tinyint(1) NOT NULL DEFAULT '1',
    `milestone_notifications`                 tinyint(1) NOT NULL DEFAULT '1',
    `donation_notifications`                  tinyint(1) NOT NULL DEFAULT '1',
    `created_at`                              datetime     NOT NULL,
    `created_by`                              varchar(24)  NOT NULL,
    `updated_at`                              datetime              DEFAULT NULL,
    `updated_by`                              varchar(24)           DEFAULT NULL,
    PRIMARY KEY (`id`),
    UNIQUE KEY `users_slug_unique` (`slug`),
    UNIQUE KEY `users_email_unique` (`email`)
) ENGINE=InnoDB DEFAULT CHARSET=utf8mb4 COLLATE=utf8mb4_0900_ai_ci;
/*!40101 SET character_set_client = @saved_cs_client */;

--
-- Dumping data for table `users`
--

LOCK
TABLES `users` WRITE;
/*!40000 ALTER TABLE `users` DISABLE KEYS */;
INSERT INTO `users` (`id`, `name`, `slug`, `password`, `email`, `profile_image`, `cover_image`, `bio`, `website`,
                     `location`, `facebook`, `twitter`, `accessibility`, `status`, `locale`, `visibility`, `meta_title`,
                     `meta_description`, `tour`, `last_seen`, `comment_notifications`,
                     `free_member_signup_notification`, `paid_subscription_started_notification`,
                     `paid_subscription_canceled_notification`, `mention_notifications`, `recommendation_notifications`,
                     `milestone_notifications`, `donation_notifications`, `created_at`, `created_by`, `updated_at`,
                     `updated_by`)
VALUES ('1', 'Blog Boss', 'blog', '$2a$10$wUK3H/vrkZLcxeFEl5R1/.YC2LZPPQJ/ObzoxvA3QYLurFqlYiGJG',
        'blog.boss@company.com', NULL, NULL, NULL, NULL, NULL, NULL, NULL, NULL, 'active', NULL, 'public', NULL, NULL,
        NULL, '2025-01-09 14:36:04', 1, 1, 1, 0, 1, 1, 1, 1, '2025-01-09 14:18:57', '1', '2025-01-09 14:36:04', '1'),
       ('677fdf582a03ec000191a2b2', 'Malicious Contributor', 'malicious',
        '$2a$10$MMzvD0iOOyvNwMkfJMlAWOGqmV5Gmben0g4JAxu8a1pdLdlZG3G2.', 'malicious.contributor@company.com', NULL, NULL,
        NULL, NULL, NULL, NULL, NULL, NULL, 'active', NULL, 'public', NULL, NULL, NULL, '2025-01-09 14:38:17', 1, 1, 1,
        0, 1, 1, 1, 1, '2025-01-09 14:38:16', '1', '2025-01-09 14:38:17', '677fdf582a03ec000191a2b2');
/*!40000 ALTER TABLE `users` ENABLE KEYS */;
UNLOCK
TABLES;

--
-- Table structure for table `webhooks`
--

DROP TABLE IF EXISTS `webhooks`;
/*!40101 SET @saved_cs_client     = @@character_set_client */;
/*!50503 SET character_set_client = utf8mb4 */;
CREATE TABLE `webhooks`
(
    `id`                    varchar(24)   NOT NULL,
    `event`                 varchar(50)   NOT NULL,
    `target_url`            varchar(2000) NOT NULL,
    `name`                  varchar(191)           DEFAULT NULL,
    `secret`                varchar(191)           DEFAULT NULL,
    `api_version`           varchar(50)   NOT NULL DEFAULT 'v2',
    `integration_id`        varchar(24)   NOT NULL,
    `last_triggered_at`     datetime               DEFAULT NULL,
    `last_triggered_status` varchar(50)            DEFAULT NULL,
    `last_triggered_error`  varchar(50)            DEFAULT NULL,
    `created_at`            datetime      NOT NULL,
    `created_by`            varchar(24)   NOT NULL,
    `updated_at`            datetime               DEFAULT NULL,
    `updated_by`            varchar(24)            DEFAULT NULL,
    PRIMARY KEY (`id`),
    KEY                     `webhooks_integration_id_foreign` (`integration_id`),
    CONSTRAINT `webhooks_integration_id_foreign` FOREIGN KEY (`integration_id`) REFERENCES `integrations` (`id`) ON DELETE CASCADE
) ENGINE=InnoDB DEFAULT CHARSET=utf8mb4 COLLATE=utf8mb4_0900_ai_ci;
/*!40101 SET character_set_client = @saved_cs_client */;

--
-- Dumping data for table `webhooks`
--

LOCK
TABLES `webhooks` WRITE;
/*!40000 ALTER TABLE `webhooks` DISABLE KEYS */;
/*!40000 ALTER TABLE `webhooks` ENABLE KEYS */;
UNLOCK
TABLES;
/*!40103 SET TIME_ZONE=@OLD_TIME_ZONE */;

/*!40101 SET SQL_MODE=@OLD_SQL_MODE */;
/*!40014 SET FOREIGN_KEY_CHECKS=@OLD_FOREIGN_KEY_CHECKS */;
/*!40014 SET UNIQUE_CHECKS=@OLD_UNIQUE_CHECKS */;
/*!40101 SET CHARACTER_SET_CLIENT=@OLD_CHARACTER_SET_CLIENT */;
/*!40101 SET CHARACTER_SET_RESULTS=@OLD_CHARACTER_SET_RESULTS */;
/*!40101 SET COLLATION_CONNECTION=@OLD_COLLATION_CONNECTION */;
/*!40111 SET SQL_NOTES=@OLD_SQL_NOTES */;

-- Dump completed on 2025-01-09 15:39:45
